-- phpMyAdmin SQL Dump
-- version 5.2.1
-- https://www.phpmyadmin.net/
--
-- Servidor: 127.0.0.1
-- Tiempo de generación: 31-01-2026 a las 00:25:19
-- Versión del servidor: 10.4.28-MariaDB
-- Versión de PHP: 8.2.4

SET SQL_MODE = "NO_AUTO_VALUE_ON_ZERO";
START TRANSACTION;
SET time_zone = "+00:00";


/*!40101 SET @OLD_CHARACTER_SET_CLIENT=@@CHARACTER_SET_CLIENT */;
/*!40101 SET @OLD_CHARACTER_SET_RESULTS=@@CHARACTER_SET_RESULTS */;
/*!40101 SET @OLD_COLLATION_CONNECTION=@@COLLATION_CONNECTION */;
/*!40101 SET NAMES utf8mb4 */;

--
-- Base de datos: `laboratorios`
--

-- --------------------------------------------------------

--
-- Estructura de tabla para la tabla `carrer`
--

CREATE TABLE `carrer` (
  `Id_carrera` bigint(20) UNSIGNED NOT NULL,
  `carrer_name` varchar(100) NOT NULL,
  `Id_college` int(11) DEFAULT NULL
) ENGINE=InnoDB DEFAULT CHARSET=utf8mb4 COLLATE=utf8mb4_general_ci;

-- --------------------------------------------------------

--
-- Estructura de tabla para la tabla `college`
--

CREATE TABLE `college` (
  `Id_college` bigint(20) UNSIGNED NOT NULL,
  `college_name` varchar(100) NOT NULL,
  `director` varchar(200) DEFAULT NULL,
  `Id_university` int(11) DEFAULT NULL
) ENGINE=InnoDB DEFAULT CHARSET=utf8mb4 COLLATE=utf8mb4_general_ci;

-- --------------------------------------------------------

--
-- Estructura de tabla para la tabla `country`
--

CREATE TABLE `country` (
  `Id_country` bigint(20) UNSIGNED NOT NULL,
  `country_name` varchar(100) NOT NULL,
  `Continent` varchar(100) DEFAULT NULL
) ENGINE=InnoDB DEFAULT CHARSET=utf8mb4 COLLATE=utf8mb4_general_ci;

--
-- Volcado de datos para la tabla `country`
--

INSERT INTO `country` (`Id_country`, `country_name`, `Continent`) VALUES
(1, 'Estados Unidos', NULL);

-- --------------------------------------------------------

--
-- Estructura de tabla para la tabla `equipment_services`
--

CREATE TABLE `equipment_services` (
  `Id_equipment` int(11) NOT NULL,
  `Id_service` int(11) NOT NULL
) ENGINE=InnoDB DEFAULT CHARSET=utf8mb4 COLLATE=utf8mb4_general_ci;

-- --------------------------------------------------------

--
-- Estructura de tabla para la tabla `institution`
--

CREATE TABLE `institution` (
  `Id_institution` bigint(20) UNSIGNED NOT NULL,
  `institution_name` varchar(100) NOT NULL,
  `phone` varchar(15) DEFAULT NULL,
  `email` varchar(100) DEFAULT NULL,
  `logo` varchar(255) DEFAULT NULL,
  `adress` varchar(100) DEFAULT NULL,
  `website` varchar(100) DEFAULT NULL,
  `Id_state` int(11) DEFAULT NULL
) ENGINE=InnoDB DEFAULT CHARSET=utf8mb4 COLLATE=utf8mb4_general_ci;

--
-- Volcado de datos para la tabla `institution`
--

INSERT INTO `institution` (`Id_institution`, `institution_name`, `phone`, `email`, `logo`, `adress`, `website`, `Id_state`) VALUES
(2, 'EAG Laboratories Sunnyvale', '+14085303500', 'info@eag.com', NULL, '810 Kifer Rd, Sunnyvale, CA 94086', 'www.eag.com', 1),
(3, 'NanoImaging Services', '+18585648270', 'info@nanoimaging.com', NULL, 'San Diego, CA 92121', 'www.nanoimagingservices.com', 1),
(4, 'Micro-Analysis Labs', '+14154594611', 'info@micro-analysis.com', NULL, 'San Rafael, CA 94901', 'www.micro-analysis.com', 1),
(5, 'Forensic Analytical Consulting', '+15102664600', 'info@facs.com', NULL, 'Hayward, CA 94545', 'www.forensicanalytical.com', 1),
(6, 'Advanced Surface Microscopy', '+18059672100', 'sales@asmicroscopy.com', NULL, 'Santa Barbara, CA 93111', 'www.asmicrocopy.com', 1),
(7, 'National Testing Standards', '+17146303030', 'info@natltesting.com', NULL, 'Anaheim, CA 92805', 'www.natltesting.com', 1),
(8, 'EAG Laboratories San Jose', '+14084333030', 'info@eag.com', NULL, '3040 Olcott St, Santa Clara, CA 95054', 'www.eag.com', 1),
(9, 'MVA Scientific Consultants CA', '+17706628509', 'info@mvascientific.com', NULL, 'Orange County, CA', 'www.mvascientific.com', 1),
(10, 'West Coast Analytical Service', '+15629219831', 'info@wcas.com', NULL, '9840 Alburtis Ave, Santa Fe Springs, CA 90670', 'www.wcas.com', 1),
(11, 'Materials Characterization Lab', '+18585581144', 'info@mcl-labs.com', NULL, 'San Diego, CA 92121', 'www.mcl-labs.com', 1),
(12, 'Opto-Knowledge Systems', '+13107560520', 'info@optoknowledge.com', NULL, 'Torrance, CA 90502', 'www.optoknowledge.com', 1),
(13, 'Pacific Micro-Analysis', '+18055550122', 'contact@pacmicro.com', NULL, 'Santa Barbara, CA', 'www.pacmicro.com', 1),
(14, 'SEAL Laboratories', '+13103222011', 'info@seallabs.com', NULL, 'Huntington Beach, CA', 'www.seallabs.com', 1),
(15, 'Accu-Labs Research CA', '+15550109988', 'contact@acculabs.com', NULL, 'Riverside, CA', 'www.acculabs.com', 1),
(16, 'Silicon Valley Micro-Analysis', '+14085550911', 'svma@microanalysis.com', NULL, 'Milpitas, CA 95035', 'www.svma.com', 1),
(17, 'Materials Evaluation and Analysis', '+19145924040', 'info@meany.com', NULL, '125 Clearbrook Rd, Elmsford, NY 10523', 'www.meany.com', 2),
(18, 'Microvision Laboratories NY', '+19145924041', 'info@microvisionlabs.com', NULL, 'Albany, NY', 'www.microvisionlabs.com', 2),
(19, 'Nano-Master Inc.', '+16316674545', 'info@nanomaster.com', NULL, 'New York City, NY', 'www.nanomaster.com', 2),
(20, 'SGS Materials Testing NY', '+18006429546', 'us.materials@sgs.com', NULL, 'Governor Dr, Fairfield, NY 12524', 'www.sgs.com', 2),
(21, 'EMSL Analytical NYC', '+12122900051', 'manhattanlab@emsl.com', NULL, '307 West 38th St, New York, NY 10018', 'www.emsl.com', 2),
(22, 'AMETEK Material Analysis', '+18002203675', 'info@ametek.com', NULL, 'Upstate Region, NY', 'www.ametek.com', 2),
(23, 'High Purity Systems Analytical', '+15185550122', 'lab@hps-ny.com', NULL, 'Albany, NY 12203', 'www.highpuritysystems.com', 2),
(24, 'Everest Analysis Services', '+17165550988', 'contact@everest-analysis.com', NULL, 'Rochester, NY 14604', 'www.everest-analysis.com', 2),
(25, 'Long Island Analytical Labs', '+16314723400', 'info@lialabs.com', NULL, '101-4 Colin Dr, Holbrook, NY 11741', 'www.lialabs.com', 2),
(26, 'Certified Environmental Services', '+13154782374', 'info@certifiedenvironmental.com', NULL, '7280 Caswell St, North Syracuse, NY 13212', 'www.certifiedenvironmental.com', 2),
(27, 'ADEPT Science and Analysis', '+16075550411', 'adept@analysis-ny.com', NULL, 'Ithaca, NY 14850', 'www.adeptanalysis.com', 2),
(28, 'Micro-Pathology Services', '+17185550733', 'pathology@micro-ny.com', NULL, 'Bronx, NY 10461', 'www.micropathology.com', 2),
(34, 'Core Laboratories NV', '+17133282000', 'info@corelab.com', NULL, '6316 Windfern Rd, Houston, TX 77040', 'www.corelab.com', 3),
(35, 'EAG Laboratories Austin', '+15124194700', 'austin.info@eag.com', NULL, '8100 N Lamar Blvd, Austin, TX 78753', 'www.eag.com', 3),
(36, 'Hendrix Group Inc.', '+12815564666', 'hg@hghouston.com', NULL, '15823 N Barkers Landing Rd, Houston, TX 77079', 'www.hghouston.com', 3),
(37, 'Austin Scientific', '+15125550188', 'contact@austinsci.com', NULL, 'Austin, TX 78701', 'www.austinscientific.com', 3),
(38, 'EMSL Analytical Houston', '+17136863635', 'houstonlab@emsl.com', NULL, '5950 North Course Dr, Houston, TX 77072', 'www.emsl.com', 3),
(39, 'Element Materials Technology Plano', '+19727833000', 'info.plano@element.com', NULL, 'Plano, TX 75074', 'www.element.com', 3),
(40, 'Anderson & Associates', '+12814847030', 'info@anderson-assoc.com', NULL, '919 Corporate Lake Dr, Houston, TX 77084', 'www.anderson-assoc.com', 3),
(41, 'Micro-Analysis Inc.', '+12815550233', 'contact@micro-analysis-tx.com', NULL, 'Houston, TX', 'www.microanalysis.com', 3),
(42, 'NTS Houston / Element', '+17135550912', 'houston@nts.com', NULL, '11451 Jones Rd, Houston, TX 77070', 'www.nts.com', 3),
(43, 'McCrone Associates TX', '+16308877100', 'contact@mccrone.com', NULL, 'Dallas Area, TX', 'www.mccrone.com', 3),
(44, 'Polyhedron Laboratories', '+12814403805', 'info@polyhedronlab.com', NULL, '10630 Fallstone Rd, Houston, TX 77099', 'www.polyhedronlab.com', 3),
(45, 'Houston Electron Microscopy', '+12818884261', 'info@houstonem.com', NULL, '13317B Murphy Rd, Stafford, TX 77477', 'www.houstonem.com', 3),
(46, 'NanoImaging Services MA', '+18884325766', 'info@nanoimaging.com', NULL, 'Cambridge, MA 02139', 'www.nanoimagingservices.com', 4),
(47, 'EAG Laboratories Tewksbury', '+19788510003', 'info@eag.com', NULL, '2000 Shawsheen St, Tewksbury, MA 01876', 'www.eag.com', 4),
(48, 'Microvision Laboratories Inc.', '+19782509595', 'info@microvisionlabs.com', NULL, '187 Billerica Rd, Chelmsford, MA 01824', 'www.microvisionlabs.com', 4),
(49, 'Charles River Laboratories', '+17812226000', 'askcharlesriver@crl.com', NULL, 'Wilmington, MA 01887', 'www.criver.com', 4),
(50, 'EMSL Analytical Woburn', '+17819338801', 'bostonlab@emsl.com', NULL, '5 Constitution Way, Woburn, MA 01801', 'www.emsl.com', 4),
(51, 'Triton Systems', '+19782504200', 'info@tritonsys.com', NULL, '200 Turnpike Rd, Chelmsford, MA 01824', 'www.tritonsystems.com', 4),
(52, 'Cambridge Polymer Group', '+16176294400', 'info@campoly.com', NULL, '5 Roland St, Boston, MA 02129', 'www.campoly.com', 4),
(53, 'SGS Materials Testing Boston', '+17819354116', 'us.materials@sgs.com', NULL, 'Woburn, MA 01801', 'www.sgs.com', 4),
(54, 'ProVeris Scientific', '+15084608822', 'contact@proveris.com', NULL, 'Hudson, MA 01749', 'www.proveris.com', 4),
(60, 'National Environmental Testing', '+17812753535', 'info@net-labs.com', NULL, 'Bedford, MA 01730', 'www.net-labs.com', 4),
(61, 'AbbVie Bioresearch Center', '+15088492000', 'contact@abbvie.com', NULL, '100 Research Dr, Worcester, MA 01605', 'www.abbvie.com', 4),
(62, 'Advanced Surface Design', '+16175550188', 'info@asd-micro.com', NULL, 'Lowell, MA 01854', 'www.asd-micro.com', 4),
(63, 'Intertek Plastics Technology', '+14134483110', 'plastics.info@intertek.com', NULL, 'Pittsfield, MA 01201', 'www.intertek.com', 4),
(64, 'Thermo Fisher Nanoport', '+19782326000', 'info@thermofisher.com', NULL, 'Tewksbury, MA 01876', 'www.thermofisher.com', 4),
(65, 'PolyAnalytik MA', '+18005550299', 'info@polyanalytik.com', NULL, 'Boston, MA', 'www.polyanalytik.com', 4),
(66, 'McCrone Associates Inc.', '+16308877100', 'info@mccrone.com', NULL, '850 Pasquinelli Dr, Westmont, IL 60559', 'www.mccrone.com', 5),
(67, 'Geller MicroAnalytical', '+19785355900', 'sales@gellermicro.com', NULL, 'Chicago Area Service', 'www.gellermicro.com', 5),
(68, 'Packer Engineering Group', '+16305051903', 'info@packereng.com', NULL, '1950 N Washington St, Naperville, IL 60563', 'www.packereng.com', 5),
(69, 'STAT Analysis Corp', '+13127330551', 'info@statanalysis.com', NULL, '2242 W Harrison St, Chicago, IL 60612', 'www.statanalysis.com', 5),
(70, 'Bodycote Materials Testing', '+17083436060', 'info@bodycote.com', NULL, 'Melrose Park, IL 60160', 'www.bodycote.com', 5),
(71, 'EMSL Analytical Chicago', '+17733130099', 'chicagolab@emsl.com', NULL, '4140 Litt Dr, Hillside, IL 60162', 'www.emsl.com', 5),
(72, 'Element Materials Technology IL', '+16306902727', 'info.carolstream@element.com', NULL, '5100 West 21st St, Carol Stream, IL 60188', 'www.element.com', 5),
(73, 'IPS Analytical IL', '+19207493040', 'ips.info@sgs.com', NULL, 'Appleton/Chicago Region, IL', 'www.ipstesting.com', 5),
(74, 'Advanced Corrosion Control', '+18475550244', 'contact@acct-lab.com', NULL, 'Des Plaines, IL 60016', 'www.acct-lab.com', 5),
(75, 'Eurofins PSS Chicago', '+18475550911', 'info@eurofins.com', NULL, 'North Chicago, IL 60064', 'www.eurofins.com', 5),
(76, 'Great Lakes Environmental', '+12319412230', 'info@glec.com', NULL, 'Chicago Branch, IL', 'www.glec.com', 5),
(77, 'Micro-Analytical Services IL', '+16305550388', 'info@mas-labs.com', NULL, 'Oak Brook, IL 60523', 'www.mas-labs.com', 5),
(78, 'RJ Lee Group, Inc.', '+17243251776', 'info@rjleegroup.com', NULL, '350 Hochberg Rd, Monroeville, PA 15146', 'www.rjleegroup.com', 6),
(79, 'McCrone Associates PA', '+18006227663', 'contact@mccrone.com', NULL, 'Philadelphia Region, PA', 'www.mccrone.com', 6),
(80, 'Laboratory Testing Inc.', '+12159440900', 'sales@labtesting.com', NULL, '2331 Topaz Dr, Hatfield, PA 19440', 'www.labtesting.com', 6),
(81, 'EMSL Analytical PA', '+16108344550', 'philadelphialab@emsl.com', NULL, '5221 Militia Hill Rd, Plymouth Meeting, PA 19462', 'www.emsl.com', 6),
(82, 'Westmoreland MT&R', '+17245373131', 'admin@wmtr.com', NULL, '155 Westmoreland Dr, Youngstown, PA 15696', 'www.wmtr.com', 6),
(83, 'Eurofins Lancaster Labs', '+17176562300', 'info@lancasterlabs.com', NULL, '2425 New Holland Pike, Lancaster, PA 17601', 'www.eurofinsus.com', 6),
(84, 'NSL Analytical Services', '+18004920006', 'techsales@nslanalytical.com', NULL, 'Western PA Region', 'www.nslanalytical.com', 6),
(85, 'Materials Characterization Lab', '+14128265566', 'info@mcl-lab.com', NULL, 'Harmarville, PA 15238', 'www.mcl-lab.com', 6),
(86, 'PPL Analytical Testing Lab', '+16107745151', 'labservices@pplweb.com', NULL, 'Allentown, PA 18101', 'www.pplweb.com', 6),
(87, 'AGE Environmental Labs', '+16106667000', 'info@age-labs.com', NULL, 'Valley Forge, PA 19481', 'www.age-labs.com', 6),
(88, 'Polyhedron Labs PA', '+18005550744', 'contact@polyhedronlab.com', NULL, 'Easton, PA 18040', 'www.polyhedronlab.com', 6),
(89, 'Micro-Analysis Inc. PA', '+14125550399', 'pgh@microanalysis.com', NULL, 'Pittsburgh, PA 15213', 'www.microanalysis.com', 6),
(90, 'EAG Laboratories PA', '+16094483338', 'surface.info@eag.com', NULL, 'Penn Regional Center, PA', 'www.eag.com', 6),
(91, 'QC Laboratories Inc.', '+12153683600', 'info@qclabs.net', NULL, '1205 Industrial Blvd, Lansdale, PA 19446', 'www.qclabs.net', 6),
(92, 'Lehigh Testing Labs', '+13023280500', 'info@lehigh-testing.com', NULL, 'New Castle Area, PA', 'www.lehigh-testing.com', 6),
(93, 'Materials Support Services', '+12155550611', 'support@mss-micro.com', NULL, 'Warminster, PA 18974', 'www.mss-micro.com', 6),
(94, 'Microbac Laboratories', '+17247720223', 'warrendale@microbac.com', NULL, '100 Marshall Dr, Warrendale, PA 15086', 'www.microbac.com', 6),
(95, 'Beckman Coulter PA', '+18007422345', 'info@beckman.com', NULL, 'Harrisburg Region, PA', 'www.beckman.com', 6),
(96, 'EMSL Analytical Corporate HQ', '+18568584800', 'info@emsl.com', NULL, '200 Route 130 North, Cinnaminson, NJ 08077', 'www.emsl.com', 7),
(97, 'EAG Laboratories Princeton', '+16099129000', 'princeton.info@eag.com', NULL, '302 College Rd E, Princeton, NJ 08540', 'www.eag.com', 7),
(98, 'Integrated Analytical Services', '+19084648500', 'info@ias-labs.com', NULL, 'Berkeley Heights, NJ 07922', 'www.ias-labs.com', 7),
(99, 'Particle Diagnostic Inc.', '+19085550122', 'lab@particlediagnostic.com', NULL, 'Bridgewater, NJ 08807', 'www.particlediagnostic.com', 7),
(100, 'Bureau Veritas NJ', '+17322484300', 'info@us.bureauveritas.com', NULL, 'Edison, NJ 08817', 'www.bureauveritas.com', 7),
(101, 'Micro-Solutions LLC', '+12015550988', 'contact@micro-solutions-nj.com', NULL, 'Ramsey, NJ 07446', 'www.micro-solutions-nj.com', 7),
(102, 'SGS Materials Testing NJ', '+19735755252', 'us.fairfield@sgs.com', NULL, '291 Fairfield Ave, Fairfield, NJ 07004', 'www.sgs.com', 7),
(103, 'PVWC Analytical Laboratory', '+19733404300', 'labservices@pvwc.com', NULL, 'Clifton, NJ 07011', 'www.pvwc.com', 7),
(104, 'BASF Analytical Services', '+19732456000', 'analytical-nj@basf.com', NULL, '100 Park Ave, Florham Park, NJ 07932', 'www.basf.com', 7),
(105, 'Intertek Chemicals & Materials', '+19733395900', 'totowa.lab@intertek.com', NULL, 'Totowa, NJ 07512', 'www.intertek.com', 7),
(106, 'IMR Test Labs NJ Region', '+16077483700', 'sales@imrtest.com', NULL, 'Northern NJ Service Center', 'www.imrtest.com', 7),
(107, 'Garden State Environmental', '+12016590459', 'info@gsemail.com', NULL, '555 S Broad St, Glen Rock, NJ 07452', 'www.gse.com', 7),
(108, 'Micro-Analysis Newark', '+19085550433', 'newark@microanalysis.com', NULL, 'Elizabeth, NJ 07201', 'www.microanalysis.com', 7),
(109, 'AMCO Analytical Services', '+16093873550', 'info@amcoproteins.com', NULL, 'Burlington, NJ 08016', 'www.amcoproteins.com', 7),
(110, 'Precision Microscopy Services', '+17325550811', 'contact@precisionmicro.com', NULL, 'Freehold, NJ 07728', 'www.precisionmicro.com', 7),
(111, 'Bureau Veritas South Jersey', '+18565550922', 'info.sjersey@bureauveritas.com', NULL, 'Cherry Hill, NJ 08003', 'www.bureauveritas.com', 7),
(112, 'Eurofins PSS New Brunswick', '+17325550100', 'info@eurofins.com', NULL, 'New Brunswick, NJ 08901', 'www.eurofins.com', 7),
(113, 'Ashland Analytical Lab', '+19082433000', 'analytical@ashland.com', NULL, 'Bridgewater, NJ 08807', 'www.ashland.com', 7),
(114, 'Pacific Micro-Control', '+12065550299', 'info@pacmicro.com', NULL, 'Seattle, WA 98101', 'www.pacmicro.com', 8),
(115, 'NVL Laboratories Inc.', '+12065470100', 'info@nvllabs.com', NULL, '4708 Aurora Ave N, Seattle, WA 98103', 'www.nvllabs.com', 8),
(116, 'Element Woodinville', '+14254861113', 'info.woodinville@element.com', NULL, '15320 NE Woodinville Dr, Woodinville, WA 98072', 'www.element.com', 8),
(117, 'Cascade Analytical', '+15096621888', 'info@cascadeanalytical.com', NULL, '3019 G.S. Center Rd, Wenatchee, WA 98801', 'www.cascadeanalytical.com', 8),
(118, 'RJ Lee Group Pasco', '+15095454989', 'info@rjleegroup.com', NULL, '2710 North 20th Ave, Pasco, WA 99301', 'www.rjleegroup.com', 8),
(119, 'Materials Testing & Consulting', '+13607551990', 'info@mtc-inc.net', NULL, '777 Chrysler Dr, Burlington, WA 98233', 'www.mtc-inc.net', 8),
(120, 'Amtest Laboratories', '+14258851664', 'info@amtestlab.com', NULL, '13600 NE 126th Pl, Kirkland, WA 98034', 'www.amtestlab.com', 8),
(121, 'Metals Analysis Inc.', '+12066238383', 'lab@metalsanalysis.com', NULL, 'Seattle, WA 98134', 'www.metalsanalysis.com', 8),
(122, 'LabCorp Northwest', '+12068617000', 'info@labcorp.com', NULL, 'Seattle, WA 98104', 'www.labcorp.com', 8),
(123, 'Coffey Laboratories Inc.', '+15099249200', 'info@coffeylab.com', NULL, 'Spokane Valley, WA 99212', 'www.coffeylab.com', 8),
(124, 'Thermo Fisher Nanoport WA', '+15037267500', 'nanoport@thermofisher.com', NULL, 'Regional WA Support', 'www.thermofisher.com', 8),
(125, 'Anatek Labs Inc.', '+15098383999', 'spokane@anateklabs.com', NULL, '2525 E. Sprague Ave, Spokane, WA 99202', 'www.anateklabs.com', 8),
(126, 'EMSL Analytical Miami', '+19544868223', 'fortlauderdalelab@emsl.com', NULL, '2700 West Cypress Creek Rd, Fort Lauderdale, FL 33309', 'www.emsl.com', 9),
(127, 'EAG Laboratories Miami', '+13052454600', 'info@eag.com', NULL, 'Miami Region, FL', 'www.eag.com', 9),
(128, 'Universal Engineering Sciences', '+14074230504', 'info@universalengineering.com', NULL, '3532 Maggie Blvd, Orlando, FL 32811', 'www.universalengineering.com', 9),
(129, 'SGS Materials Testing Cape Canaveral', '+13217842626', 'us.materials@sgs.com', NULL, 'Cape Canaveral, FL 32920', 'www.sgs.com', 9),
(130, 'Florida Spectrum Environmental', '+19549786400', 'info@flspectrum.com', NULL, '1460 W McNab Rd, Fort Lauderdale, FL 33309', 'www.flspectrum.com', 9),
(131, 'Micro-Biology Solutions', '+18135550741', 'contact@microbiosol.com', NULL, 'Tampa, FL 33602', 'www.microbiosol.com', 9),
(132, 'Element Materials Jupiter', '+15617462525', 'info.jupiter@element.com', NULL, 'Jupiter, FL 33478', 'www.element.com', 9),
(133, 'Thornton Laboratories', '+18132239702', 'info@thorntonlab.com', NULL, '1145 E Cass St, Tampa, FL 33602', 'www.thorntonlab.com', 9),
(134, 'Pro-Microscope Services', '+12395550822', 'service@promicroscope.com', NULL, 'Fort Myers, FL 33901', 'www.promicroscope.com', 9),
(135, 'Aero-Microscopy Analysis', '+19045550199', 'info@aeromicro.com', NULL, 'Jacksonville, FL 32202', 'www.aeromicro.com', 9),
(136, 'Southern Analytical Labs', '+18138553839', 'info@southernanalytical.com', NULL, 'Oldsmar, FL 34677', 'www.southernanalytical.com', 9),
(137, 'National Testing Labs Miami', '+13055550344', 'miami@ntl-labs.com', NULL, 'Hialeah, FL 33010', 'www.ntl-labs.com', 9),
(138, 'NSL Analytical Services HQ', '+18004920006', 'techsales@nslanalytical.com', NULL, '4450 Cranwood Pkwy, Cleveland, OH 44128', 'www.nslanalytical.com', 10),
(139, 'Metcut Research Inc.', '+15132715100', 'info@metcut.com', NULL, '3980 Rosslyn Dr, Cincinnati, OH 45209', 'www.metcut.com', 10),
(140, 'Smithers Materials Science', '+13307627441', 'info@smithers.com', NULL, '425 W Market St, Akron, OH 44303', 'www.smithers.com', 10),
(141, 'IMR Test Labs Columbus', '+16148750100', 'columbus@imrtest.com', NULL, '4100 Fondorf Dr, Columbus, OH 43228', 'www.imrtest.com', 10),
(142, 'Bowser-Morner Inc.', '+19372363703', 'sales@bowser-morner.com', NULL, '4518 Taylorsville Rd, Dayton, OH 45424', 'www.bowser-morner.com', 10),
(143, 'Rickly Environmental Lab', '+16142391699', 'info@rickly.com', NULL, 'Columbus, OH 43213', 'www.rickly.com', 10),
(144, 'EAG Laboratories Cleveland', '+12165550188', 'info@eag.com', NULL, 'Valley View, OH 44125', 'www.eag.com', 10),
(145, 'Summit Environmental Technologies', '+13302538211', 'sales@settek.com', NULL, '3310 Win St, Cuyahoga Falls, OH 44223', 'www.settek.com', 10),
(146, 'Stork Herron Testing Lab', '+12168818911', 'cleveland@stork.com', NULL, '5405 Schaaf Rd, Cleveland, OH 44131', 'www.element.com', 10),
(147, 'Applied Technical Services HQ', '+17704231400', 'info@atslab.com', NULL, '1049 Triad Ct, Marietta, GA 30062', 'www.atslab.com', 11),
(148, 'Microbac Laboratories GA', '+17709560011', 'marietta@microbac.com', NULL, '3320 Town Point Dr NW, Kennesaw, GA 30144', 'www.microbac.com', 11),
(149, 'EMSL Analytical Atlanta', '+17705001082', 'atlantalab@emsl.com', NULL, '2205 Corporate Plaza Pkwy SE, Smyrna, GA 30080', 'www.emsl.com', 11),
(150, 'Micro-Surfaces Analytical', '+19125550244', 'info@microsurfaces.com', NULL, 'Savannah, GA 31405', 'www.microsurfaces.com', 11),
(151, 'Analytical Environmental Services', '+17704578177', 'info@aesatlanta.com', NULL, '3080 Presidential Dr, Atlanta, GA 30340', 'www.aesatlanta.com', 11),
(152, 'Eurofins PSS Athens', '+17065550911', 'athens@eurofins.com', NULL, 'Athens, GA 30601', 'www.eurofins.com', 11),
(153, 'United Consulting Lab', '+17702090029', 'info@unitedconsulting.com', NULL, '625 Holcomb Bridge Rd, Norcross, GA 30071', 'www.unitedconsulting.com', 11),
(154, 'Particle Testing Authority', '+17706623666', 'pta-info@micromeritics.com', NULL, '4356 Communications Dr, Norcross, GA 30093', 'www.particletesting.com', 11),
(155, 'Materials Analysis GA', '+14045550788', 'contact@materialsanalyis.com', NULL, 'Alpharetta, GA 30004', 'www.materialsanalyis.com', 11),
(156, 'EAG Laboratories Columbia', '+14103815040', 'columbia.info@eag.com', NULL, 'Columbia, MD 21046', 'www.eag.com', 12),
(157, 'Microbac Baltimore', '+14106331800', 'baltimore@microbac.com', NULL, '2101 Gateway Rd, Baltimore, MD 21230', 'www.microbac.com', 12),
(158, 'EMSL Analytical Beltsville', '+13019375700', 'beltsvillelab@emsl.com', NULL, '10768 Baltimore Ave, Beltsville, MD 20705', 'www.emsl.com', 12),
(159, 'Hillis-Carnes Materials Lab', '+14108804755', 'info@hcea.com', NULL, '10975 Guilford Rd, Annapolis Junction, MD 20701', 'www.hcea.com', 12),
(160, 'Bureau Veritas MD', '+14105550299', 'info.md@bureauveritas.com', NULL, 'Lanham, MD 20706', 'www.bureauveritas.com', 12),
(161, 'AMA Analytical Services', '+13014592640', 'info@amalab.com', NULL, '4475 Forbes Blvd, Lanham, MD 20706', 'www.amalab.com', 12),
(162, 'Eurofins PSS Frederick', '+13015550788', 'frederick@eurofins.com', NULL, 'Frederick, MD 21701', 'www.eurofins.com', 12),
(163, 'Particle Characterization Labs', '+13015550411', 'contact@pcl-labs.com', NULL, 'Gaithersburg, MD 20877', 'www.pcl-labs.com', 12),
(164, 'Axon Micro-Analysis', '+13015550322', 'info@axonmicro.com', NULL, 'Rockville, MD 20850', 'www.axonmicro.com', 12),
(165, 'MTC Maryland', '+14105550911', 'baltimore@mtc-inc.net', NULL, 'Halethorpe, MD 21227', 'www.mtc-inc.net', 12),
(166, 'National Testing Labs MD', '+13015550144', 'maryland@ntl-labs.com', NULL, 'Glen Burnie, MD 21061', 'www.ntl-labs.com', 12),
(167, 'Precision Analysis Inc.', '+14105550611', 'contact@preanalysis.com', NULL, 'Elkridge, MD 21075', 'www.preanalysis.com', 12),
(168, 'EAG Laboratories Raleigh', '+19198500012', 'raleigh.info@eag.com', NULL, '302 College Rd E, Raleigh, NC 27601', 'www.eag.com', 13),
(169, 'MVA Scientific Consultants NC', '+17706623630', 'info@mvascientific.com', NULL, 'Research Triangle Park, NC', 'www.mvascientific.com', 13),
(170, 'Eurofins Lancaster Durham', '+19195550233', 'durham@eurofins.com', NULL, 'Durham, NC 27703', 'www.eurofins.com', 13),
(171, 'Particle Characterization Services', '+17045550811', 'charlotte@particletesting.com', NULL, 'Charlotte, NC 28202', 'www.particletesting.com', 13),
(172, 'EMSL Analytical Kernersville', '+13369921025', 'charlottelab@emsl.com', NULL, '706 Gralin Terr, Kernersville, NC 27284', 'www.emsl.com', 13),
(173, 'Micro-Analytical Services', '+19195550744', 'contact@microanalytic.com', NULL, 'Raleigh, NC 27606', 'www.microanalytic.com', 13),
(174, 'S&ME Inc. HQ Lab', '+19198722660', 'info@smeinc.com', NULL, '3201 Spring Forest Rd, Raleigh, NC 27616', 'www.smeinc.com', 13),
(175, 'Bureau Veritas RTP', '+19195550199', 'rtp.lab@bureauveritas.com', NULL, 'Morrisville, NC 27560', 'www.bureauveritas.com', 13),
(176, 'EAG Laboratories Phoenix', '+14808291683', 'phoenix.info@eag.com', NULL, 'Tempe, AZ 85281', 'www.eag.com', 14),
(177, 'Insight Analytical Labs AZ', '+17195994027', 'sales@insightanalytical.com', NULL, 'Phoenix Region, AZ', 'www.insightanalytical.com', 14),
(178, 'Skyline Labs Tucson', '+15206224836', 'info@skylinelabs.com', NULL, '1775 W Sahuaro Dr, Tucson, AZ 85745', 'www.skylinelabs.com', 14),
(179, 'Element Phoenix', '+16239154415', 'info.phoenix@element.com', NULL, 'Glendale, AZ 85301', 'www.element.com', 14),
(180, 'EMSL Analytical Phoenix', '+16022764344', 'phoenixlab@emsl.com', NULL, '3356 West Catalina Dr, Phoenix, AZ 85017', 'www.emsl.com', 14),
(181, 'Legend Technical Services AZ', '+16023246100', 'azinfo@legend-group.com', NULL, '17631 N 25th Ave, Phoenix, AZ 85023', 'www.legend-group.com', 14),
(182, 'Speedie & Associates Materials Lab', '+16029976391', 'info@speedie.net', NULL, '11029 N 24th Ave, Phoenix, AZ 85029', 'www.speedie.net', 14),
(183, 'Optical Analysis Services', '+15205550122', 'service@optanalysis.com', NULL, 'Tucson, AZ 85719', 'www.optanalysis.com', 14),
(184, 'NSL Analytical Michigan', '+17345550122', 'detroit@nslanalytical.com', NULL, 'Plymouth, MI 48170', 'www.nslanalytical.com', 15),
(185, 'Element Detroit', '+12489604900', 'info.detroit@element.com', NULL, '27485 Wixom Rd, Wixom, MI 48393', 'www.element.com', 15),
(186, 'Impact Analytical', '+19898321400', 'info@impactanalytical.com', NULL, '1910 W St Andrews Rd, Midland, MI 48640', 'www.impactanalytical.com', 15),
(187, 'EAG Laboratories Ann Arbor', '+17345550988', 'annarbor@eag.com', NULL, 'Ann Arbor, MI 48105', 'www.eag.com', 15),
(188, 'Fibertec Environmental Services', '+15176990345', 'lab@fibertec.us', NULL, '11766 E. Grand River, Brighton, MI 48116', 'www.fibertec.us', 15),
(189, 'Paragon Laboratories', '+17344623900', 'info@paragonlabs.com', NULL, '12649 Richfield Ct, Livonia, MI 48150', 'www.paragonlabs.com', 15),
(190, 'Materials Testing Consultants Grand Rapids', '+16164565471', 'info@mtc-inc.net', NULL, '693 Plymouth Ave NE, Grand Rapids, MI 49505', 'www.mtc-inc.net', 15),
(191, 'ATS Detroit', '+12485550711', 'detroit@atslab.com', NULL, 'Farmington Hills, MI 48335', 'www.atslab.com', 15),
(192, 'EAG Laboratories Colorado Springs', '+17195550188', 'colorado.info@eag.com', NULL, 'Colorado Springs, CO 80919', 'www.eag.com', 16),
(193, 'Knight Piesold Geochemical Lab', '+13036298788', 'denver@knightpiesold.com', NULL, '1999 Broadway, Denver, CO 80202', 'www.knightpiesold.com', 16),
(194, 'Reservoirs Environmental, Inc.', '+13039641951', 'info@reilab.com', NULL, '1827 Grant St, Denver, CO 80203', 'www.reilab.com', 16),
(195, 'EMSL Analytical Denver', '+13032323964', 'denverlab@emsl.com', NULL, '1010 Yuma St, Denver, CO 80204', 'www.emsl.com', 16),
(196, 'CTL Thompson Materials Lab', '+13038250777', 'denver@ctlthompson.com', NULL, '1971 W 12th Ave, Denver, CO 80204', 'www.ctlthompson.com', 16),
(197, 'Hauser Laboratories', '+17205550244', 'info@hauserlabs.com', NULL, 'Boulder, CO 80301', 'www.hauserlabs.com', 16),
(198, 'Microbac Boulder', '+13035550711', 'boulder@microbac.com', NULL, 'Boulder, CO 80303', 'www.microbac.com', 16),
(199, 'PTA Rocky Mountain Service', '+17706623666', 'pta@micromeritics.com', NULL, 'Regional Service CO', 'www.particletesting.com', 16),
(200, 'EAG Laboratories Beaverton', '+15036435670', 'beaverton.info@eag.com', NULL, 'Beaverton, OR 97008', 'www.eag.com', 17),
(201, 'NanoVision Services', '+15035550199', 'info@nanovision.com', NULL, 'Hillsboro, OR 97124', 'www.nanovision.com', 17),
(202, 'NVL Laboratories Portland', '+15035550211', 'portland@nvllabs.com', NULL, 'Portland, OR 97201', 'www.nvllabs.com', 17),
(203, 'EMSL Analytical Wilsonville', '+15035550488', 'wilsonville@emsl.com', NULL, 'Wilsonville, OR 97070', 'www.emsl.com', 17),
(204, 'GRI Geotechnical Lab', '+15036413478', 'info@gri.com', NULL, '9750 SW Nimbus Ave, Beaverton, OR 97008', 'www.gri.com', 17),
(205, 'MTC Oregon', '+15035550922', 'portland@mtc-inc.net', NULL, 'Tigard, OR 97223', 'www.mtc-inc.net', 17),
(206, 'Eurofins Food Assurance OR', '+15035550644', 'portland.food@eurofins.com', NULL, 'Portland, OR 97230', 'www.eurofins.com', 17),
(207, 'Micro-Analysis Consultants', '+15035550833', 'info@micro-consultants.com', NULL, 'Lake Oswego, OR 97035', 'www.micro-consultants.com', 17),
(208, 'Pace Analytical Services', '+16126076400', 'info@pacelabs.com', NULL, '1800 Elm St SE, Minneapolis, MN 55414', 'www.pacelabs.com', 18),
(209, 'Cambridge Materials Testing MN', '+16515550299', 'minnesota@cambridgematerials.com', NULL, 'St. Paul, MN 55114', 'www.cambridgematerials.com', 18),
(210, 'EMSL Analytical Minneapolis', '+17634494922', 'minneapolislab@emsl.com', NULL, '3410 Winnetka Ave N, New Hope, MN 55427', 'www.emsl.com', 18),
(211, 'AET Petrography Group', '+16516591350', 'info@amengtest.com', NULL, '550 W Cleveland Ave, St. Paul, MN 55114', 'www.amengtest.com', 18),
(212, 'Legend Technical Services MN', '+16516421150', 'mninfo@legend-group.com', NULL, '88 Empire Dr, St. Paul, MN 55103', 'www.legend-group.com', 18),
(213, 'Braun Intertec Materials Lab', '+19529952000', 'info@braunintertec.com', NULL, '11001 Hampshire Ave S, Bloomington, MN 55438', 'www.braunintertec.com', 18),
(214, 'EAG Laboratories Chanhassen', '+19529342749', 'chanhassen@eag.com', NULL, '6302 Commerce Ct, Chanhassen, MN 55317', 'www.eag.com', 18),
(215, 'Micro-Analysis Consultants MN', '+19525550844', 'info@microanalysis-mn.com', NULL, 'Eden Prairie, MN 55344', 'www.microanalysis-mn.com', 18),
(216, 'Element St. Paul', '+16516453601', 'info.stpaul@element.com', NULL, '662 Cromwell Ave, St Paul, MN 55114', 'www.element.com', 18),
(217, 'AMS Corporation', '+18656911756', 'info@ams-corp.com', NULL, '9119 Cross Park Dr, Knoxville, TN 37923', 'www.ams-corp.com', 19),
(218, 'MVA Scientific TN Services', '+17706623630', 'info@mvascientific.com', NULL, 'Oak Ridge Region, TN', 'www.mvascientific.com', 19),
(219, 'EMSL Analytical Nashville', '+16158463200', 'nashvillelab@emsl.com', NULL, '2975 Armory Dr, Nashville, TN 37204', 'www.emsl.com', 19),
(220, 'Microbac Laboratories TN', '+18659771200', 'knoxville@microbac.com', NULL, '505 East Broadway Ave, Maryville, TN 37804', 'www.microbac.com', 19),
(221, 'S&ME Materials Lab TN', '+16152448846', 'nashville@smeinc.com', NULL, 'Nashville, TN 37210', 'www.smeinc.com', 19),
(222, 'ATS Memphis', '+19013232200', 'memphis@atslab.com', NULL, 'Memphis, TN 38118', 'www.atslab.com', 19),
(223, 'EAG Laboratories Tennessee', '+18655550912', 'knoxville@eag.com', NULL, 'Oak Ridge Tech Center, TN', 'www.eag.com', 19),
(224, 'Kairos Testing & Engineering', '+16155550344', 'info@kairostesting.com', NULL, 'Nashville, TN 37211', 'www.kairostesting.com', 19),
(225, 'Precision Biotics Analysis', '+19015550877', 'analysis@precisionbiotics.com', NULL, 'Collierville, TN 38017', 'www.precisionbiotics.com', 19),
(226, 'SEM Lab, Inc.', '+18014664811', 'info@semlab.com', NULL, 'Salt Lake City, UT 84106', 'www.semlab.com', 20),
(227, 'Nelson Labs HQ', '+18012907500', 'servicecenter@nelsonlabs.com', NULL, '6280 S. Redwood Road, Salt Lake City, UT 84123', 'www.nelsonlabs.com', 20),
(228, 'SAFE Labs Utah', '+18019721441', 'info@safe-labs.com', NULL, 'Salt Lake City, UT 84104', 'www.safe-labs.com', 20),
(229, 'Analytical Resource Labs', '+18018477722', 'info@analyticalresource.com', NULL, '520 South 850 East, Lehi, UT 84043', 'www.analyticalresource.com', 20),
(230, 'Aerolite Group Environmental', '+18015550344', 'slc@aerolitegroup.com', NULL, 'Salt Lake City, UT 84115', 'www.aerolitegroup.com', 20),
(231, 'Chemtech-Ford Laboratories', '+18019435510', 'info@chemtechford.com', NULL, '9632 South 500 West, Sandy, UT 84070', 'www.chemtechford.com', 20),
(232, 'Eurofins BioDiagnostics MO', '+13145550122', 'stlouis@eurofins.com', NULL, 'St. Louis, MO 63146', 'www.eurofinsus.com', 21),
(233, 'EAG Laboratories St. Charles', '+16367575500', 'stcharles@eag.com', NULL, 'St. Charles, MO 63304', 'www.eag.com', 21),
(234, 'ESI Forensic Lab', '+18165550944', 'info@esi-mo.com', NULL, 'Kansas City, MO 64108', 'www.esi-mo.com', 21),
(235, 'Alpha-Liberty Labs', '+15137771525', 'service@alphaliberty.com', NULL, 'St. Louis, MO 63132', 'www.alphaliberty.com', 21),
(236, 'Shannon & Wilson Petrographic Lab', '+13146366880', 'stl@shanwil.com', NULL, '2043 Westport Center Dr, St. Louis, MO 63146', 'www.shannonwilson.com', 21),
(237, 'EMSL Analytical St. Louis', '+13145770150', 'stlouislab@emsl.com', NULL, 'St. Louis, MO 63103', 'www.emsl.com', 21),
(238, 'Eurofins Food Chemistry Madison', '+16082427100', 'madison@eurofins.com', NULL, '2102 Wright St, Madison, WI 53704', 'www.eurofinsus.com', 22),
(239, 'Covance Madison Lab', '+16082422712', 'info@covance.com', NULL, 'Madison, WI 53704', 'www.labcorp.com', 22),
(240, 'Anderson Laboratories', '+14144217600', 'service@andersonlabs.com', NULL, '6330 Industrial Loop, Greendale, WI 53129', 'www.andersonlabs.com', 22),
(241, 'Element Milwaukee', '+12627826344', 'info.milwaukee@element.com', NULL, 'New Berlin, WI 53151', 'www.element.com', 22),
(242, 'EMSL Analytical Wisconsin', '+18002203675', 'madisonlab@emsl.com', NULL, 'Madison, WI 53704', 'www.emsl.com', 22),
(243, 'Giles Engineering Materials Lab', '+12625440118', 'milwaukee@gilesengr.com', NULL, 'W228 N683 Westmound Dr, Waukesha, WI 53186', 'www.gilesengr.com', 22),
(244, 'LMT Connecticut', '+12038785600', 'info@lmt-ct.com', NULL, '120 Reed Ct, Milford, CT 06460', 'www.lmt-ct.com', 23),
(245, 'Industrial Materials Solutions', '+18606465555', 'info@imsolutions.com', NULL, 'Manchester, CT 06042', 'www.imsolutions.com', 23),
(246, 'TRC Materials Laboratory', '+18602989692', 'labservices@trccompanies.com', NULL, '21 Griffin Rd N, Windsor, CT 06095', 'www.trccompanies.com', 23),
(247, 'Brooks Environmental Lab', '+12038539792', 'info@brooksenvironmental.com', NULL, '9 Isaac St, Norwalk, CT 06850', 'www.brooksenvironmental.com', 23),
(248, 'DiGioia Gray Materials Lab', '+18605550211', 'info@digioiagray.com', NULL, 'Rocky Hill, CT 06067', 'www.digioiagray.com', 23),
(249, 'Phoenix Environmental Labs', '+18606451102', 'customerservice@phoenixlabs.com', NULL, '587 East Middle Tpke, Manchester, CT 06040', 'www.phoenixlabs.com', 23),
(250, 'McCrone Associates, Inc.', '+16308877100', 'info@mccrone.com', NULL, '850 Pasquinelli Dr, Westmont, IL 60559 (Regional HQ for IN)', 'www.mccrone.com', 24),
(251, 'Element Materials Technology IN', '+17654479146', 'info.lafayette@element.com', NULL, '2417 Union St, Lafayette, IN 47904', 'www.element.com', 24),
(252, 'Eurofins Pharma Services IN', '+13175550299', 'indianapolis@eurofins.com', NULL, 'Indianapolis, IN 46241', 'www.eurofins.com', 24),
(253, 'AIT Laboratories', '+18002485227', 'info@aitlabs.com', NULL, '1500 Interstate 65 S Dr, Indianapolis, IN 46241', 'www.aitlabs.com', 24),
(254, 'EMSL Analytical Indianapolis', '+13178032997', 'indianapolislab@emsl.com', NULL, '2001 East 52nd St, Indianapolis, IN 46205', 'www.emsl.com', 24),
(255, 'CTLGroup Indiana Services', '+18479657500', 'info@ctlgroup.com', NULL, 'Serving IN Construction Hubs', 'www.ctlgroup.com', 24),
(256, 'MPA Huntsville', '+12565550133', 'info@mpalabs.com', NULL, 'Huntsville, AL 35806', 'www.mpalabs.com', 25),
(257, 'ATS Alabama Operations', '+12568813200', 'huntsville@atslab.com', NULL, 'Huntsville, AL 35824', 'www.atslab.com', 25),
(258, 'EMSL Analytical Birmingham', '+12059128958', 'birminghamlab@emsl.com', NULL, 'Birmingham, AL 35209', 'www.emsl.com', 25),
(259, 'TTL Materials Laboratory', '+12053450816', 'info@ttlusa.com', NULL, '3516 Greensboro Ave, Tuscaloosa, AL 35401', 'www.ttlusa.com', 25),
(260, 'Southern Earth Sciences Lab', '+12513447711', 'mobile@soearth.com', NULL, 'Mobile, AL 36609', 'www.soearth.com', 25);

-- --------------------------------------------------------

--
-- Estructura de tabla para la tabla `laboratory`
--

CREATE TABLE `laboratory` (
  `Id_laboratory` int(11) NOT NULL,
  `specialization` varchar(200) DEFAULT NULL,
  `director` varchar(50) DEFAULT NULL
) ENGINE=InnoDB DEFAULT CHARSET=utf8mb4 COLLATE=utf8mb4_general_ci;

--
-- Volcado de datos para la tabla `laboratory`
--

INSERT INTO `laboratory` (`Id_laboratory`, `specialization`, `director`) VALUES
(2, 'Semiconductor & Surface Analysis', 'Charles Evans'),
(3, 'Cryo-EM & Biopharma', 'Sarah Thompson'),
(4, 'Industrial Microscopy', 'Richard Macklin'),
(5, 'Asbestos & Environmental', 'Jennifer Moran'),
(6, 'AFM & Metrology', 'Alan Thompson'),
(7, 'Polymer & Materials', 'Thomas Caslavka'),
(8, 'Specialized Surface Analysis', 'Dr. Linette Batac'),
(9, 'Particle Identification & Environmental', 'Richard H. Brown'),
(10, 'Chemical & Materials Microscopy', 'Ray J. Chen'),
(11, 'Nanoscale Materials Analysis', 'Dr. George Yan'),
(12, 'Spectral Imaging & Microscopy', 'Nahum Gat'),
(13, 'Geological & Mineral Analysis', 'Steven J. Cook'),
(14, 'Failure Analysis & Destructive Testing', 'Arun Kumar'),
(15, 'Trace Evidence Analysis', 'Linda Patterson'),
(16, 'IC Cross-sectioning & SEM', 'John Mansfield'),
(17, 'Metallurgical & Materials Analysis', 'Dr. David G. Tipping'),
(18, 'Particle ID & Industrial Forensic', 'John J. Brown'),
(19, 'Nanofabrication & Thin Film', 'Dr. Birol Kuyel'),
(20, 'Consumer Product Characterization', 'Mark S. Petersen'),
(21, 'Environmental Microscopy & Lead', 'John Mitchell'),
(22, 'High-End X-Ray Microanalysis', 'Technical Support Manager'),
(23, 'Semiconductor Particulate Analysis', 'Dr. Sanjay Kapoor'),
(24, 'Metallurgical & Failure Analysis', 'Michael J. O\'Connell'),
(25, 'Environmental & Chemical Microscopy', 'Michael Veraldi'),
(26, 'Asbestos & Air Quality', 'David J. Hanny'),
(27, 'Polymers & Composite Characterization', 'Dr. Robert Greene'),
(28, 'Biological Ultrastructure', 'Dr. Elena Rossi'),
(34, 'Reservoir Geology & Petrography', 'Lawrence Bruno'),
(35, 'Microelectronics & Thin Film Analysis', 'Dr. J. Rahman'),
(36, 'Metallurgical Failure Analysis', 'David Hendrix'),
(37, 'Nanotechnology & AFM Services', 'Dr. Sarah Miller'),
(38, 'Environmental & Asbestos Microscopy', 'Sanjeev Jha'),
(39, 'Aerospace Materials Testing', 'T. J. Smith'),
(40, 'Forensic Engineering & Failure Analysis', 'Stephen Anderson'),
(41, 'Particulate Identification', 'Donald Brooks'),
(42, 'Industrial & Space Materials', 'Greg Patterson'),
(43, 'Cleanroom Microanalysis', 'Skip Palenik'),
(44, 'Polymer & Plastics Microscopy', 'Dr. Howard Kaye'),
(45, 'High Resolution SEM/EDS Services', 'Martha Barton'),
(46, 'Cryo-EM for Drug Discovery', 'Ben Bemish'),
(47, 'Surface & Materials Characterization', 'Dr. Tom F. Surridge'),
(48, 'Independent Microanalysis & Particle ID', 'John J. Brown'),
(49, 'Structural Biology & Cryo-EM', 'Dr. James C. Foster'),
(50, 'Environmental Fiber & Asbestos', 'Andrew S. Burke'),
(51, 'Advanced Materials Microscopy', 'Ross Haghighat'),
(52, 'Polymer Characterization', 'Dr. Stephen Spiegelberg'),
(53, 'Consumer Product Testing', 'Michael J. Brown'),
(54, 'Spray & Particle Morphology', 'Dino Farina'),
(60, 'Asbestos & Particle Analysis', 'John M. Sullivan'),
(61, 'Structural Biology & Cryo-EM', 'Dr. Kevin J. Moore'),
(62, 'Thin Film & Nanometrology', 'Dr. Larry L. Meixner'),
(63, 'Polymer Failure Analysis', 'Mark R. Henderson'),
(64, 'Microscopy Applications & FIB', 'Dr. Richard J. Young'),
(65, 'Macromolecular Characterization', 'Dr. Gregory J. Saunders'),
(66, 'Ultra-Trace Particle Identification', 'Donald A. Brooks'),
(67, 'Surface Analysis & Auger Spectroscopy', 'Joseph D. Geller'),
(68, 'Metallurgical Failure Analysis', 'Dr. Penny L. Thomas'),
(69, 'Environmental Microscopy (Asbestos/Lead)', 'Surendra Kumar'),
(70, 'Phase Identification & Hardness Testing', 'Robert H. Smith'),
(71, 'Environmental Microbiology', 'Deepak Gulati'),
(72, 'Aerospace & Automotive Failure Analysis', 'John W. Newman'),
(73, 'Fiber & Non-woven Microscopy', 'Dr. Bruce R. MacGregor'),
(74, 'Corrosion & Micro-structural Analysis', 'James M. Keneally'),
(75, 'Bio-Pharmaceutical Microscopy', 'Dr. Melissa S. Thompson'),
(76, 'Aquatic Micro-organism Analysis', 'Robert L. Grant'),
(77, 'Forensic Dust & Debris Analysis', 'Dr. Anthony J. Puglia'),
(78, 'Industrial Forensics & Materials Science', 'Dr. Richard J. Lee'),
(79, 'Particle Identification & Cleanroom Services', 'Gary Laughlin'),
(80, 'Metallographic Analysis & Failure Investigation', 'Brandon McVaugh'),
(81, 'Environmental Fiber & Asbestos', 'Robert DeMalo'),
(82, 'High-Magnification Metallography', 'James D. Rossi'),
(83, 'Pharmaceutical Particle Imaging', 'Dr. Timothy S. Oostdyk'),
(84, 'Additive Manufacturing & Powder Analysis', 'Larry Somrack'),
(85, 'Surface Science & Failure Analysis', 'Dr. Timothy J. Jozefiak'),
(86, 'Power Plant Component Analysis', 'Mark A. Stoltzfus'),
(87, 'Geological & Asbestos Analysis', 'Dr. Neil J. Gause'),
(88, 'Plastic & Resin Micro-characterization', 'Dr. David W. Riley'),
(89, 'Particulate Identification & Forensics', 'Dr. Robert M. Fisher'),
(90, 'Surface Science & Depth Profiling', 'Dr. Jing-Ping Hu'),
(91, 'Industrial Micro-Contamination', 'Mark R. DeFusco'),
(92, 'Macro & Microstructural Metallurgy', 'David L. Puniak'),
(93, 'Advanced Electron Microscopy Consulting', 'Dr. Andrew W. Blackwood'),
(94, 'Food & Environmental Microbiology', 'Trevor J. Boyce'),
(95, 'Cellular Characterization & Imaging', 'Dr. Suzanne R. Bell'),
(96, 'Full-Service Microanalysis & Forensic Microscopy', 'Peter Frasca, Ph.D.'),
(97, 'Advanced Surface Analysis', 'Dr. Karol Putyera'),
(98, 'Chemical Microanalysis & XRD', 'Dr. Joseph A. Anzelmo'),
(99, 'Micro-Particle Characterization', 'William J. Mazza'),
(100, 'Industrial Materials & Microscopy', 'Robert G. Ianniello'),
(101, 'Contaminant Identification in Pharmaceuticals', 'Dr. Alan R. Smith'),
(102, 'Medical Device & Polymer Microscopy', 'Dr. Mark J. Ahearn'),
(103, 'Aquatic Microbiology & Particle ID', 'James G. Duprey'),
(104, 'Catalyst & Materials Characterization', 'Dr. Michael P. Gula'),
(105, 'Micro-Analysis of Consumer Goods', 'Dr. Naresh J. Patel'),
(106, 'Metallographic & Failure Analysis', 'Jeffrey J. Schultz'),
(107, 'Industrial Hygiene & Optical Microscopy', 'Tobias S. Nowicki'),
(108, 'Particulate & Dust Analysis', 'Dr. Timothy M. McCandless'),
(109, 'Food Micro-structure & Morphology', 'Mark S. Guerrero'),
(110, 'Optical Component Metrology', 'Robert L. Heffner'),
(111, 'Failure Analysis & Petrography', 'Dr. Linda S. Myers'),
(112, 'Cleanroom Particle Analysis', 'Dr. Sarah E. Jenkins'),
(113, 'Polymer Morphology & Rheology Microscopy', 'Dr. Thomas G. Lynch'),
(114, 'Failure Analysis of Microelectronics', 'Dr. Steven M. Weaver'),
(115, 'Asbestos & Hazardous Materials Microscopy', 'Nadeem Shah'),
(116, 'Aerospace Metallography & Fractography', 'Dr. Rick A. Gauthier'),
(117, 'Food Micro-pathogen Analysis', 'Laura J. Mrachek'),
(118, 'Radiological & Environmental SEM', 'Dr. Gary L. Casuccio'),
(119, 'Concrete & Geological Petrography', 'Gregory S. Mock'),
(120, 'Micro-Contaminant Analysis', 'Kathy Fugiel'),
(121, 'Metallography & SEM Fractography', 'Thomas B. Wood'),
(122, 'Diagnostic Microscopy & Cytology', 'Dr. Robert L. Hunter'),
(123, 'Environmental Fiber Analysis', 'Steven A. Coffey'),
(124, 'Nanoscale Imaging & FIB Processing', 'Dr. Gregory A. Schwind'),
(125, 'Materials Micro-characterization', 'John C. Heitstuman'),
(126, 'Environmental & Industrial Hygiene Microscopy', 'Dr. Jose-Mari S. Mercado'),
(127, 'Surface Analysis & Micro-Electronic Failure', 'Dr. Kimberly A. Moore'),
(128, 'Concrete & Geological Petrography', 'Mark J. Stephens'),
(129, 'Aerospace Metallurgy & Particle Cleanliness', 'Robert D. Thompson'),
(130, 'Aquatic Microbiology & Algae ID', 'Gayle S. Lowery'),
(131, 'Medical Device Sterility & Imaging', 'Dr. Linda H. Barker'),
(132, 'High-Temperature Materials Metallography', 'Dr. Michael J. Ziv'),
(133, 'Fertilizer & Mineral Micro-analysis', 'Steve D. Thornton'),
(134, 'Digital Imaging & Optical Metrology', 'Richard L. Davis'),
(135, 'Aviation Component Failure', 'Dr. Anthony J. Stark'),
(136, 'Micro-Contaminant & Trace Analysis', 'James W. Shurtleff'),
(137, 'Consumer Product Particle Identification', 'Dr. Sarah E. Ramos'),
(138, 'Materials & Powder Characterization', 'Terry S. Griffith'),
(139, 'Metallography & Fatigue Analysis', 'Dr. Douglas G. Puerta'),
(140, 'Polymer Morphology & Rubber Analysis', 'Jim D. Popio'),
(141, 'Materials Characterization & SEM', 'Deena M. Crossmore'),
(142, 'Construction Materials Petrography', 'Steven M. Bowser'),
(143, 'Waterborne Particle Analysis', 'Robert J. Rickly'),
(144, 'Surface Analysis & Polymer Depth Profiling', 'Dr. Matthew G. Kiser'),
(145, 'Microbiology & Fiber Identification', 'Dr. Mo S. Ramani'),
(146, 'Industrial Failure & SEM Analysis', 'John L. Smith'),
(147, 'Metallography & Aviation Failure Analysis', 'Jim J. Hills'),
(148, 'Food Microbiology & Particle ID', 'Dr. Manish K. Patel'),
(149, 'Fiber Analysis & Environmental Microscopy', 'Stephen S. Siepman'),
(150, 'Surface Morphology of Coatings', 'Dr. Alan R. Bowers'),
(151, 'Asbestos & Indoor Air Quality', 'Mehdi Kashefi'),
(152, 'Pharmaceutical Cell Imaging', 'Dr. Katherine M. Vance'),
(153, 'Concrete & Mineral Petrography', 'Chris L. Shultz'),
(154, 'Nanoparticle Morphology & Sizing', 'Dr. Greg J. Thiele'),
(155, 'Fractography & Corrosion Analysis', 'Robert M. Walsh'),
(156, 'Nanoscale Surface Analysis', 'Dr. Jing-Ping Hu'),
(157, 'Microbial & Environmental Particle ID', 'Trevor J. Boyce'),
(158, 'Asbestos & TEM Environmental Analysis', 'Dr. Michael K. Patel'),
(159, 'Concrete Petrography & Soil Microscopy', 'William M. Carnes'),
(160, 'Metallography & Failure Analysis', 'Dr. Linda S. Myers'),
(161, 'Bulk Materials & Fiber Microscopy', 'Edward J. Olis'),
(162, 'Biopharmaceutical Imaging & Cell Analysis', 'Dr. Sarah E. Jenkins'),
(163, 'Nanoparticle Morphology & Drug Delivery', 'Dr. David W. Riley'),
(164, 'Micro-Contaminant Forensic Identification', 'Dr. Mark R. DeFusco'),
(165, 'Asphalt & Aggregate Petrography', 'Gregory S. Mock'),
(166, 'Particle Characterization for Consumer Goods', 'Dr. Suzanne R. Bell'),
(167, 'High Resolution Electron Microscopy Service', 'Dr. Robert M. Fisher'),
(168, 'Semiconductor Characterization & FIB', 'Dr. Matthew G. Kiser'),
(169, 'Particle Identification & Nanoparticle Analysis', 'Dr. Richard K. Brown'),
(170, 'Cellular Imaging & Protein Morphology', 'Dr. Sarah E. Jenkins'),
(171, 'Industrial Powder & Particle Microscopy', 'Mark R. DeFusco'),
(172, 'Fiber & Asbestos Forensic Microscopy', 'Stephen S. Siepman'),
(173, 'Textile Fiber Morphology & Coatings', 'Dr. Linda S. Myers'),
(174, 'Concrete Petrography & Failure', 'Robert J. Rickly'),
(175, 'Metallurgical Micro-characterization', 'Dr. Anthony J. Stark'),
(176, 'Semiconductor Failure Analysis & HR-TEM', 'Dr. Thomas J. Isabell'),
(177, 'Acoustic Microscopy & Package Integrity', 'Mark S. Guerrero'),
(178, 'Mining Petrography & Ore Microscopy', 'Dr. William L. Walker'),
(179, 'Aerospace Metallurgy & Fractography', 'Dr. Rick A. Gauthier'),
(180, 'Asbestos & Indoor Air Quality', 'Nour-eddine Garti'),
(181, 'Micro-Pathogen & Particle Identification', 'Cheryl R. Shepard'),
(182, 'Concrete & Mineralogical Petrography', 'Gregg A. Creaser'),
(183, 'Thin Film & Precision Optical Microscopy', 'Dr. Robert M. Fisher'),
(184, 'Advanced Metallurgical Imaging', 'Dr. Steven J. Ruoff'),
(185, 'Automotive Component Failure Analysis', 'Dr. Michael J. Ziv'),
(186, 'Polymer Morphology & Surface Analysis', 'Dr. Eric S. Grulke'),
(187, 'Thin Film & Nano-characterization', 'Dr. Jing-Ping Hu'),
(188, 'Asbestos TEM & Environmental Microscopy', 'Dr. Phillip A. Peterson'),
(189, 'Microbial & Particle Identification', 'John L. Smith'),
(190, 'Concrete Petrography & Mineralogy', 'Steven M. Bowser'),
(191, 'Fractography & Coating Evaluation', 'Robert M. Walsh'),
(192, 'Nano-Surface Analysis & Microelectronics', 'Dr. Jing-Ping Hu'),
(193, 'Applied Mineralogy & Petrography', 'Dr. Jeremy P. Haile'),
(194, 'Asbestos TEM & PLM Analysis', 'Dr. Stephen S. Siepman'),
(195, 'Environmental & Industrial Hygiene Microscopy', 'Nour-eddine Garti'),
(196, 'Concrete Petrography & Failure Mechanics', 'Dr. Robert M. Walsh'),
(197, 'Polymer & Coating Micro-analysis', 'Dr. Anthony J. Stark'),
(198, 'Food & Bio-Particle Microscopy', 'Dr. Manish K. Patel'),
(199, 'Nanoparticle Morphology & Adsorption Imaging', 'Dr. Greg J. Thiele'),
(200, 'Semiconductor Reverse Engineering & HR-TEM', 'Dr. Matthew G. Kiser'),
(201, 'Wafer Surface Metrology', 'Dr. Sarah E. Jenkins'),
(202, 'Hazardous Fiber Identification', 'Dr. Munaf T. Nassani'),
(203, 'Environmental TEM Analysis', 'Stephen S. Siepman'),
(204, 'Petrographic Mineral Identification', 'Dr. David W. Riley'),
(205, 'Industrial Materials Failure Analysis', 'Gregory S. Mock'),
(206, 'Food Micro-Imaging & Pathogen ID', 'Dr. Linda S. Myers'),
(207, 'Industrial Contamination Forensic', 'Robert M. Walsh'),
(208, 'Pharma Particle ID & Materials Characterization', 'Dr. Eric S. Grulke'),
(209, 'Medical Device Fractography', 'Dr. Michael J. Ziv'),
(210, 'TEM Asbestos & Mold Particle ID', 'Stephen S. Siepman'),
(211, 'Concrete & Aggregate Petrography', 'Gerard D. Moulin'),
(212, 'Micro-Contaminant Identification', 'Cheryl R. Shepard'),
(213, 'Forensic Materials Microscopy', 'Dr. Robert M. Walsh'),
(214, 'High-Resolution Surface Analysis', 'Dr. Jing-Ping Hu'),
(215, 'Electronic Component Failure Analysis', 'Dr. Mark R. DeFusco'),
(216, 'Mechanical Failure & Metallography', 'Dr. Rick A. Gauthier'),
(217, 'Nuclear Materials & Sensor Microscopy', 'Dr. Hash M. Hashemian'),
(218, 'Carbon Fiber & Nanoparticle Analysis', 'Dr. Richard K. Brown'),
(219, 'Asbestos TEM & Mold Analysis', 'Nour-eddine Garti'),
(220, 'Food Microbiology & Particle ID', 'Dr. Manish K. Patel'),
(221, 'Concrete Petrography & Failure', 'Robert J. Rickly'),
(222, 'Metallurgical Analysis & Fractography', 'Jim J. Hills'),
(223, 'Nano-surface Analysis & Thin Films', 'Dr. Jing-Ping Hu'),
(224, 'Metallographic Fractography', 'Dr. Mark R. DeFusco'),
(225, 'Microbial & Particle Morphology', 'Dr. Linda S. Myers'),
(226, 'Failure Analysis & SEM/EDS Services', 'Dr. Edward L. Prinz'),
(227, 'Biocompatibility & Particulate Microscopy', 'Dr. Martell Winters'),
(228, 'Forensic SEM & Metallography', 'Dr. Randall J. Noe'),
(229, 'Microbial & Contaminant Identification', 'Dr. Kim J. Smith'),
(230, 'Asbestos PLM & Environmental Microscopy', 'Dr. Mark S. Guerrero'),
(231, 'Particle Identification & Water Quality', 'Reed Hendricks'),
(232, 'Seed Morphology & Plant Pathogen Imaging', 'Dr. Farhad Ghavami'),
(233, 'Agrochemical Surface Analysis', 'Dr. Jing-Ping Hu'),
(234, 'Metallurgical Fractography & Fire Debris', 'Dr. Mark R. DeFusco'),
(235, 'Industrial Particle Sizing & Imaging', 'George L. Smith'),
(236, 'Rock & Concrete Petrography', 'Dr. Robert M. Walsh'),
(237, 'Asbestos & Indoor Air Quality Microscopy', 'Nour-eddine Garti'),
(238, 'Food Microstructure & Contaminant ID', 'Dr. Linda S. Myers'),
(239, 'Pre-clinical Imaging & Histopathology', 'Dr. Mark R. DeFusco'),
(240, 'Metallographic Examination & Fractography', 'Dr. Robert M. Walsh'),
(241, 'Industrial Component Failure Analysis', 'Dr. Rick A. Gauthier'),
(242, 'Asbestos TEM & Particle ID', 'Nour-eddine Garti'),
(243, 'Concrete & Mineralogical Petrography', 'Stephen M. Bowser'),
(244, 'Aerospace Metallography & Failure Analysis', 'Dr. Sarah E. Jenkins'),
(245, 'Surface Morphology & Coating Integrity', 'Dr. Thomas J. Morgan'),
(246, 'Asbestos TEM & Particle ID', 'Mark S. Guerrero'),
(247, 'Mold & Indoor Air Microscopy', 'Dr. Robert J. Brooks'),
(248, 'Concrete Petrography & Structural Failure', 'Dr. James M. Sheahan'),
(249, 'Drinking Water Particle Analysis', 'Phyllis Shiller'),
(250, 'Ultra-Trace Particle Identification', 'Dr. Kent L. Rhodes'),
(251, 'Metallurgical Analysis & SEM Imaging', 'Dr. Rick A. Gauthier'),
(252, 'Drug Product Characterization', 'Dr. Manish K. Patel'),
(253, 'Forensic Toxicology Microscopy', 'Dr. Frank S. Guerrero'),
(254, 'Asbestos TEM & Mold Analysis', 'Nour-eddine Garti'),
(255, 'Petrographic Concrete Analysis', 'Dr. Robert M. Walsh'),
(256, 'Space-Grade Material Characterization', 'Dr. Phillip A. Peterson'),
(257, 'Metallurgical Analysis & Fractography', 'Jim J. Hills'),
(258, 'Asbestos & Mold Identification', 'Nour-eddine Garti'),
(259, 'Mineralogical & Petrographic ID', 'Stephen M. Bowser'),
(260, 'Sedimentology & Petrography', 'Dr. Robert J. Rickly');

-- --------------------------------------------------------

--
-- Estructura de tabla para la tabla `laboratory_services`
--

CREATE TABLE `laboratory_services` (
  `Id_laboratory` int(11) NOT NULL,
  `Id_service` int(11) NOT NULL
) ENGINE=InnoDB DEFAULT CHARSET=utf8mb4 COLLATE=utf8mb4_general_ci;

--
-- Volcado de datos para la tabla `laboratory_services`
--

INSERT INTO `laboratory_services` (`Id_laboratory`, `Id_service`) VALUES
(2, 1),
(2, 3),
(2, 5),
(3, 2),
(4, 1),
(5, 2),
(5, 7),
(5, 8),
(6, 4),
(7, 1),
(7, 9),
(8, 1),
(8, 5),
(9, 1),
(9, 8),
(10, 1),
(11, 4),
(12, 6),
(13, 7),
(14, 1),
(14, 9),
(15, 7),
(15, 8),
(16, 1),
(16, 3),
(17, 1),
(17, 9),
(18, 1),
(18, 7),
(18, 8),
(19, 4),
(19, 6),
(20, 1),
(21, 2),
(21, 7),
(22, 1),
(22, 5),
(23, 1),
(23, 8),
(24, 1),
(24, 9),
(25, 1),
(25, 7),
(26, 7),
(26, 8),
(27, 4),
(28, 2),
(28, 6),
(34, 1),
(34, 7),
(34, 8),
(35, 1),
(35, 2),
(35, 3),
(35, 5),
(36, 1),
(36, 9),
(37, 4),
(38, 2),
(38, 7),
(39, 1),
(39, 9),
(40, 1),
(40, 9),
(41, 1),
(41, 8),
(42, 1),
(42, 9),
(43, 1),
(43, 8),
(44, 1),
(44, 7),
(45, 1),
(46, 2),
(46, 6),
(47, 1),
(47, 5),
(48, 1),
(48, 7),
(48, 8),
(49, 2),
(49, 6),
(50, 2),
(50, 7),
(51, 1),
(51, 4),
(52, 1),
(52, 9),
(53, 1),
(54, 8),
(60, 2),
(60, 7),
(61, 6),
(62, 4),
(62, 5),
(63, 1),
(63, 9),
(64, 1),
(64, 2),
(64, 3),
(65, 8),
(66, 1),
(66, 5),
(66, 8),
(67, 5),
(68, 1),
(68, 9),
(69, 2),
(69, 7),
(70, 9),
(71, 2),
(71, 7),
(72, 1),
(72, 9),
(73, 1),
(73, 7),
(73, 8),
(74, 9),
(75, 6),
(76, 8),
(77, 1),
(77, 8),
(78, 1),
(78, 2),
(78, 8),
(78, 9),
(79, 1),
(79, 7),
(79, 8),
(80, 1),
(80, 9),
(81, 2),
(81, 7),
(82, 1),
(82, 9),
(83, 1),
(83, 6),
(83, 8),
(84, 1),
(84, 8),
(85, 1),
(85, 4),
(85, 9),
(86, 1),
(86, 9),
(87, 2),
(87, 7),
(88, 1),
(88, 8),
(89, 1),
(89, 8),
(90, 5),
(91, 1),
(91, 8),
(92, 1),
(92, 9),
(93, 1),
(94, 8),
(95, 6),
(96, 1),
(96, 2),
(96, 7),
(96, 8),
(97, 1),
(97, 3),
(97, 5),
(98, 1),
(98, 8),
(99, 8),
(100, 1),
(100, 9),
(101, 6),
(101, 8),
(102, 1),
(102, 8),
(102, 9),
(103, 8),
(104, 1),
(104, 2),
(104, 4),
(105, 1),
(105, 8),
(106, 1),
(106, 9),
(107, 7),
(107, 8),
(108, 1),
(108, 8),
(109, 8),
(110, 4),
(111, 1),
(111, 9),
(112, 1),
(112, 6),
(113, 1),
(113, 4),
(114, 1),
(114, 3),
(115, 2),
(115, 7),
(116, 1),
(116, 9),
(117, 8),
(118, 1),
(118, 2),
(118, 8),
(119, 9),
(120, 8),
(121, 1),
(121, 9),
(122, 6),
(122, 8),
(123, 7),
(124, 1),
(124, 2),
(124, 3),
(125, 1),
(125, 8),
(126, 2),
(126, 7),
(127, 1),
(127, 5),
(128, 9),
(129, 1),
(129, 8),
(130, 8),
(131, 1),
(131, 6),
(132, 1),
(132, 9),
(133, 1),
(133, 8),
(134, 4),
(134, 8),
(135, 1),
(135, 9),
(136, 1),
(136, 8),
(137, 1),
(137, 8),
(138, 1),
(138, 9),
(139, 1),
(139, 9),
(140, 1),
(140, 8),
(141, 1),
(141, 9),
(142, 9),
(143, 8),
(144, 1),
(144, 5),
(145, 2),
(145, 7),
(146, 1),
(146, 9),
(147, 1),
(147, 9),
(148, 8),
(149, 2),
(149, 7),
(150, 1),
(150, 5),
(151, 7),
(151, 8),
(152, 6),
(153, 9),
(154, 1),
(154, 8),
(155, 1),
(155, 9),
(156, 1),
(156, 5),
(157, 8),
(158, 2),
(158, 7),
(159, 9),
(160, 1),
(160, 9),
(161, 7),
(161, 8),
(162, 6),
(163, 2),
(163, 8),
(164, 1),
(164, 8),
(165, 9),
(166, 1),
(166, 8),
(167, 1),
(167, 4),
(168, 1),
(168, 3),
(168, 5),
(169, 1),
(169, 8),
(170, 2),
(170, 6),
(171, 8),
(172, 2),
(172, 7),
(173, 1),
(173, 8),
(174, 9),
(175, 1),
(175, 9),
(176, 1),
(176, 2),
(176, 3),
(177, 4),
(178, 1),
(178, 9),
(179, 1),
(179, 9),
(180, 2),
(180, 7),
(181, 8),
(182, 9),
(183, 4),
(183, 5),
(184, 1),
(184, 9),
(185, 1),
(185, 9),
(186, 1),
(186, 5),
(187, 1),
(187, 5),
(188, 2),
(188, 7),
(189, 8),
(190, 9),
(191, 1),
(191, 9),
(192, 1),
(192, 5),
(193, 9),
(194, 2),
(194, 7),
(195, 7),
(195, 8),
(196, 9),
(197, 1),
(197, 8),
(198, 8),
(199, 1),
(199, 8),
(200, 1),
(200, 3),
(201, 4),
(201, 5),
(202, 7),
(202, 8),
(203, 2),
(203, 7),
(204, 9),
(205, 1),
(205, 9),
(206, 8),
(207, 1),
(207, 8),
(208, 1),
(208, 8),
(209, 1),
(209, 9),
(210, 2),
(210, 7),
(211, 1),
(211, 9),
(212, 8),
(213, 1),
(213, 9),
(214, 1),
(214, 5),
(215, 1),
(215, 9),
(216, 1),
(216, 9),
(217, 1),
(217, 9),
(218, 1),
(218, 8),
(219, 2),
(219, 7),
(220, 8),
(221, 9),
(222, 1),
(222, 9),
(223, 1),
(223, 5),
(224, 9),
(225, 8),
(226, 1),
(226, 9),
(227, 1),
(227, 8),
(228, 1),
(228, 9),
(229, 8),
(230, 7),
(231, 8),
(232, 6),
(232, 8),
(233, 1),
(233, 5),
(234, 1),
(234, 9),
(235, 8),
(236, 9),
(237, 2),
(237, 7),
(238, 1),
(238, 8),
(239, 2),
(239, 8),
(240, 1),
(240, 9),
(241, 1),
(241, 9),
(242, 2),
(242, 7),
(243, 9),
(244, 1),
(244, 9),
(245, 1),
(246, 2),
(246, 7),
(247, 7),
(248, 9),
(249, 8),
(250, 1),
(250, 8),
(251, 1),
(251, 9),
(252, 8),
(253, 8),
(254, 2),
(254, 7),
(255, 9),
(256, 1),
(256, 9),
(257, 1),
(257, 9),
(258, 7),
(259, 9),
(260, 1),
(260, 9);

-- --------------------------------------------------------

--
-- Estructura de tabla para la tabla `person`
--

CREATE TABLE `person` (
  `Id_person` bigint(20) UNSIGNED NOT NULL,
  `Id_number` varchar(10) DEFAULT NULL,
  `full_name` varchar(50) NOT NULL,
  `phone` varchar(15) DEFAULT NULL,
  `email` varchar(100) DEFAULT NULL,
  `type` varchar(20) DEFAULT NULL
) ENGINE=InnoDB DEFAULT CHARSET=utf8mb4 COLLATE=utf8mb4_general_ci;

--
-- Volcado de datos para la tabla `person`
--

INSERT INTO `person` (`Id_person`, `Id_number`, `full_name`, `phone`, `email`, `type`) VALUES
(9, NULL, 'Charles Evans', NULL, NULL, 'Director'),
(10, NULL, 'Sarah Thompson', NULL, NULL, 'Facility Manager'),
(11, NULL, 'Richard Macklin', NULL, NULL, 'Lab Director'),
(12, NULL, 'Jennifer Moran', NULL, NULL, 'Director'),
(13, NULL, 'Alan Thompson', NULL, NULL, 'Principal Scientist'),
(14, NULL, 'Thomas Caslavka', NULL, NULL, 'Lab Manager'),
(15, NULL, 'Dr. Linette Batac', NULL, NULL, 'Technical Director'),
(16, NULL, 'Richard H. Brown', NULL, NULL, 'Executive Director'),
(17, NULL, 'Ray J. Chen', NULL, NULL, 'Lab Manager'),
(18, NULL, 'Dr. George Yan', NULL, NULL, 'Director'),
(19, NULL, 'Nahum Gat', NULL, NULL, 'President'),
(20, NULL, 'Steven J. Cook', NULL, NULL, 'Principal Geologist'),
(21, NULL, 'Arun Kumar', NULL, NULL, 'General Manager'),
(22, NULL, 'Linda Patterson', NULL, NULL, 'Lab Manager'),
(23, NULL, 'John Mansfield', NULL, NULL, 'Director'),
(24, NULL, 'Dr. David G. Tipping', NULL, NULL, 'Lab Director'),
(25, NULL, 'John J. Brown', NULL, NULL, 'Technical Manager'),
(26, NULL, 'Dr. Birol Kuyel', NULL, NULL, 'President'),
(27, NULL, 'Mark S. Petersen', NULL, NULL, 'Regional Director'),
(28, NULL, 'John Mitchell', NULL, NULL, 'Lab Manager'),
(29, NULL, 'Technical Support Manager', NULL, NULL, 'Staff Director'),
(30, NULL, 'Dr. Sanjay Kapoor', NULL, NULL, 'Chief Scientist'),
(31, NULL, 'Michael J. O\'Connell', NULL, NULL, 'Lab Manager'),
(32, NULL, 'Michael Veraldi', NULL, NULL, 'Laboratory Director'),
(33, NULL, 'David J. Hanny', NULL, NULL, 'Operations Manager'),
(34, NULL, 'Dr. Robert Greene', NULL, NULL, 'Senior Consultant'),
(35, NULL, 'Dr. Elena Rossi', NULL, NULL, 'Pathology Lead'),
(41, NULL, 'Lawrence Bruno', NULL, NULL, 'CEO & Petrography Le'),
(42, NULL, 'Dr. J. Rahman', NULL, NULL, 'Senior Scientist'),
(43, NULL, 'David Hendrix', NULL, NULL, 'President'),
(44, NULL, 'Dr. Sarah Miller', NULL, NULL, 'Technical Director'),
(45, NULL, 'Sanjeev Jha', NULL, NULL, 'Lab Manager'),
(46, NULL, 'T. J. Smith', NULL, NULL, 'Senior Metallurgist'),
(47, NULL, 'Stephen Anderson', NULL, NULL, 'Principal Engineer'),
(48, NULL, 'Donald Brooks', NULL, NULL, 'Director of Microana'),
(49, NULL, 'Greg Patterson', NULL, NULL, 'Operations Lead'),
(50, NULL, 'Skip Palenik', NULL, NULL, 'Senior Microscopist'),
(51, NULL, 'Dr. Howard Kaye', NULL, NULL, 'Director'),
(52, NULL, 'Martha Barton', NULL, NULL, 'Owner & Lab Manager'),
(53, NULL, 'Ben Bemish', '+18884325766', 'ben.bemish@nanoimaging.com', 'Site Manager'),
(54, NULL, 'Dr. Tom F. Surridge', '+19788510003', 't.surridge@eag.com', 'Director of Operatio'),
(55, NULL, 'John J. Brown', '+19782509595', 'j.brown@microvisionlabs.com', 'President'),
(56, NULL, 'Dr. James C. Foster', '+17812226000', 'j.foster@criver.com', 'CEO & Director'),
(57, NULL, 'Andrew S. Burke', '+17819338801', 'a.burke@emsl.com', 'Lab Manager'),
(58, NULL, 'Ross Haghighat', '+19782504200', 'r.haghighat@tritonsys.com', 'CEO'),
(59, NULL, 'Dr. Stephen Spiegelberg', '+16176294400', 's.spiegelberg@campoly.com', 'President'),
(60, NULL, 'Michael J. Brown', '+17819354116', 'm.brown@sgs.com', 'Technical Director'),
(61, NULL, 'Dino Farina', '+15084608822', 'd.farina@proveris.com', 'CEO'),
(67, NULL, 'John M. Sullivan', '+17812753535', 'jsullivan@net-labs.com', 'Lab Director'),
(68, NULL, 'Dr. Kevin J. Moore', '+15088492000', 'kevin.moore@abbvie.com', 'Principal Scientist'),
(69, NULL, 'Dr. Larry L. Meixner', '+16175550188', 'lmeixner@asd-micro.com', 'Technical Director'),
(70, NULL, 'Mark R. Henderson', '+14134483110', 'mark.henderson@intertek.com', 'Lab Manager'),
(71, NULL, 'Dr. Richard J. Young', '+19782326000', 'richard.young@thermofisher.com', 'Senior Manager'),
(72, NULL, 'Dr. Gregory J. Saunders', '+18005550299', 'gsaunders@polyanalytik.com', 'Director of Science'),
(73, NULL, 'Donald A. Brooks', '+16308877100', 'dbrooks@mccrone.com', 'President'),
(74, NULL, 'Joseph D. Geller', '+19785355900', 'jgeller@gellermicro.com', 'Director'),
(75, NULL, 'Dr. Penny L. Thomas', '+16305051903', 'pthomas@packereng.com', 'Senior Director'),
(76, NULL, 'Surendra Kumar', '+13127330551', 'skumar@statanalysis.com', 'Laboratory Director'),
(77, NULL, 'Robert H. Smith', '+17083436060', 'robert.smith@bodycote.com', 'Quality Manager'),
(78, NULL, 'Deepak Gulati', '+17733130099', 'dgulati@emsl.com', 'Lab Manager'),
(79, NULL, 'John W. Newman', '+16306902727', 'john.newman@element.com', 'General Manager'),
(80, NULL, 'Dr. Bruce R. MacGregor', '+19207493040', 'bruce.macgregor@sgs.com', 'Technical Director'),
(81, NULL, 'James M. Keneally', '+18475550244', 'jkeneally@acct-lab.com', 'Lab Manager'),
(82, NULL, 'Dr. Melissa S. Thompson', '+18475550911', 'm.thompson@eurofins.com', 'Program Manager'),
(83, NULL, 'Robert L. Grant', '+12319412230', 'rgrant@glec.com', 'Senior Biologist'),
(84, NULL, 'Dr. Anthony J. Puglia', '+16305550388', 'apuglia@mas-labs.com', 'Director'),
(85, NULL, 'Dr. Richard J. Lee', '+17243251776', 'rlee@rjleegroup.com', 'President & CEO'),
(86, NULL, 'Gary Laughlin', '+18006227663', 'glaughlin@mccrone.com', 'Senior Microscopist'),
(87, NULL, 'Brandon McVaugh', '+12159440900', 'bmcvaugh@labtesting.com', 'CEO'),
(88, NULL, 'Robert DeMalo', '+16108344550', 'rdemalo@emsl.com', 'Senior Vice Presiden'),
(89, NULL, 'James D. Rossi', '+17245373131', 'jrossi@wmtr.com', 'General Manager'),
(90, NULL, 'Dr. Timothy S. Oostdyk', '+17176562300', 'timothyoostdyk@eurofinsus.com', 'President'),
(91, NULL, 'Larry Somrack', '+18004920006', 'lsomrack@nslanalytical.com', 'President'),
(92, NULL, 'Dr. Timothy J. Jozefiak', '+14128265566', 't.jozefiak@mcl-lab.com', 'Technical Director'),
(93, NULL, 'Mark A. Stoltzfus', '+16107745151', 'mastoltzfus@pplweb.com', 'Chief Metallurgist'),
(94, NULL, 'Dr. Neil J. Gause', '+16106667000', 'ngause@age-labs.com', 'Director of Microsco'),
(95, NULL, 'Dr. David W. Riley', '+18005550744', 'driley@polyhedronlab.com', 'Senior Polymer Scien'),
(96, NULL, 'Dr. Robert M. Fisher', '+14125550399', 'rfisher@microanalysis.com', 'Director'),
(97, NULL, 'Dr. Jing-Ping Hu', '+16094483338', 'jhu@eag.com', 'Senior Specialist'),
(98, NULL, 'Mark R. DeFusco', '+12153683600', 'mdefusco@qclabs.net', 'General Manager'),
(99, NULL, 'David L. Puniak', '+13023280500', 'dpuniak@lehigh-testing.com', 'Operations Manager'),
(100, NULL, 'Dr. Andrew W. Blackwood', '+12155550611', 'ablackwood@mss-micro.com', 'Director of Microsco'),
(101, NULL, 'Trevor J. Boyce', '+17247720223', 'trevor.boyce@microbac.com', 'CEO'),
(102, NULL, 'Dr. Suzanne R. Bell', '+18007422345', 'sbell@beckman.com', 'Regional Technical L'),
(103, NULL, 'Peter Frasca, Ph.D.', '+18568584800', 'pfrasca@emsl.com', 'Founder & President'),
(104, NULL, 'Dr. Karol Putyera', '+16099129000', 'kputyera@eag.com', 'VP of Science'),
(105, NULL, 'Dr. Joseph A. Anzelmo', '+19084648500', 'janzelmo@ias-labs.com', 'Technical Director'),
(106, NULL, 'William J. Mazza', '+19085550122', 'wmazza@particlediagnostic.com', 'President'),
(107, NULL, 'Robert G. Ianniello', '+17322484300', 'robert.ianniello@bureauveritas.com', 'Operations Manager'),
(108, NULL, 'Dr. Alan R. Smith', '+12015550988', 'asmith@micro-solutions-nj.com', 'Director'),
(109, NULL, 'Dr. Mark J. Ahearn', '+19735755252', 'mark.ahearn@sgs.com', 'Technical Manager'),
(110, NULL, 'James G. Duprey', '+19733404300', 'jduprey@pvwc.com', 'Lab Director'),
(111, NULL, 'Dr. Michael P. Gula', '+19732456000', 'michael.gula@basf.com', 'Senior Research Scie'),
(112, NULL, 'Dr. Naresh J. Patel', '+19733395900', 'naresh.patel@intertek.com', 'Laboratory Manager'),
(113, NULL, 'Jeffrey J. Schultz', '+16077483700', 'jschultz@imrtest.com', 'Director of Metallur'),
(114, NULL, 'Tobias S. Nowicki', '+12016590459', 'tnowicki@gsemail.com', 'Technical Director'),
(115, NULL, 'Dr. Timothy M. McCandless', '+19085550433', 'tmccandless@microanalysis.com', 'Senior Microscopist'),
(116, NULL, 'Mark S. Guerrero', '+16093873550', 'mguerrero@amcoproteins.com', 'Lab Manager'),
(117, NULL, 'Robert L. Heffner', '+17325550811', 'rheffner@precisionmicro.com', 'Director'),
(118, NULL, 'Dr. Linda S. Myers', '+18565550922', 'linda.myers@bureauveritas.com', 'Technical Lead'),
(119, NULL, 'Dr. Sarah E. Jenkins', '+17325550100', 'sjenkins@eurofins.com', 'Site Director'),
(120, NULL, 'Dr. Thomas G. Lynch', '+19082433000', 'tlynch@ashland.com', 'Principal Scientist'),
(121, NULL, 'Dr. Steven M. Weaver', '+12065550299', 'sweaver@pacmicro.com', 'Director of Microsco'),
(122, NULL, 'Nadeem Shah', '+12065470100', 'nshah@nvllabs.com', 'President'),
(123, NULL, 'Dr. Rick A. Gauthier', '+14254861113', 'rick.gauthier@element.com', 'General Manager'),
(124, NULL, 'Laura J. Mrachek', '+15096621888', 'lauram@cascadeanalytical.com', 'President'),
(125, NULL, 'Dr. Gary L. Casuccio', '+15095454989', 'gcasuccio@rjleegroup.com', 'Technical Director'),
(126, NULL, 'Gregory S. Mock', '+13607551990', 'gmock@mtc-inc.net', 'Lab Manager'),
(127, NULL, 'Kathy Fugiel', '+14258851664', 'kfugiel@amtestlab.com', 'President'),
(128, NULL, 'Thomas B. Wood', '+12066238383', 'twood@metalsanalysis.com', 'Technical Director'),
(129, NULL, 'Dr. Robert L. Hunter', '+12068617000', 'rhunter@labcorp.com', 'Director of Patholog'),
(130, NULL, 'Steven A. Coffey', '+15099249200', 'scoffey@coffeylab.com', 'Lab Manager'),
(131, NULL, 'Dr. Gregory A. Schwind', '+15037267500', 'gregory.schwind@thermofisher.com', 'Senior Applications '),
(132, NULL, 'John C. Heitstuman', '+15098383999', 'jheitstuman@anateklabs.com', 'Operations Manager'),
(133, NULL, 'Dr. Jose-Mari S. Mercado', '+19544868223', 'jmercado@emsl.com', 'Lab Manager'),
(134, NULL, 'Dr. Kimberly A. Moore', '+13052454600', 'kmoore@eag.com', 'Senior Scientist'),
(135, NULL, 'Mark J. Stephens', '+14074230504', 'mstephens@universalengineering.com', 'Materials Lab Direct'),
(136, NULL, 'Robert D. Thompson', '+13217842626', 'robert.thompson@sgs.com', 'Regional Manager'),
(137, NULL, 'Gayle S. Lowery', '+19549786400', 'glowery@flspectrum.com', 'President'),
(138, NULL, 'Dr. Linda H. Barker', '+18135550741', 'lbarker@microbiosol.com', 'Director'),
(139, NULL, 'Dr. Michael J. Ziv', '+15617462525', 'michael.ziv@element.com', 'General Manager'),
(140, NULL, 'Steve D. Thornton', '+18132239702', 'sthornton@thorntonlab.com', 'President'),
(141, NULL, 'Richard L. Davis', '+12395550822', 'rdavis@promicroscope.com', 'Director'),
(142, NULL, 'Dr. Anthony J. Stark', '+19045550199', 'astark@aeromicro.com', 'Lead Metallurgist'),
(143, NULL, 'James W. Shurtleff', '+18138553839', 'jshurtleff@southernanalytical.com', 'President'),
(144, NULL, 'Dr. Sarah E. Ramos', '+13055550344', 'sramos@ntl-labs.com', 'Laboratory Director'),
(145, NULL, 'Terry S. Griffith', '+18004920006', 'tgriffith@nslanalytical.com', 'Director of Operatio'),
(146, NULL, 'Dr. Douglas G. Puerta', '+15132715100', 'dpuerta@metcut.com', 'President'),
(147, NULL, 'Jim D. Popio', '+13307627441', 'jpopio@smithers.com', 'VP of North America'),
(148, NULL, 'Deena M. Crossmore', '+16148750100', 'dcrossmore@imrtest.com', 'Director of Labs'),
(149, NULL, 'Steven M. Bowser', '+19372363703', 'sbowser@bowser-morner.com', 'President'),
(150, NULL, 'Robert J. Rickly', '+16142391699', 'bob@rickly.com', 'CEO'),
(151, NULL, 'Dr. Matthew G. Kiser', '+12165550188', 'mkiser@eag.com', 'General Manager'),
(152, NULL, 'Dr. Mo S. Ramani', '+13302538211', 'mramani@settek.com', 'President'),
(153, NULL, 'John L. Smith', '+12168818911', 'jsmith@stork.com', 'Technical Lead'),
(154, NULL, 'Jim J. Hills', '+17704231400', 'jhills@atslab.com', 'President'),
(155, NULL, 'Dr. Manish K. Patel', '+17709560011', 'manish.patel@microbac.com', 'Lab Director'),
(156, NULL, 'Stephen S. Siepman', '+17705001082', 'ssiepman@emsl.com', 'Lab Manager'),
(157, NULL, 'Dr. Alan R. Bowers', '+19125550244', 'abowers@microsurfaces.com', 'Technical Director'),
(158, NULL, 'Mehdi Kashefi', '+17704578177', 'mkashefi@aesatlanta.com', 'President'),
(159, NULL, 'Dr. Katherine M. Vance', '+17065550911', 'kvance@eurofins.com', 'Program Manager'),
(160, NULL, 'Chris L. Shultz', '+17702090029', 'cshultz@unitedconsulting.com', 'Principal Petrograph'),
(161, NULL, 'Dr. Greg J. Thiele', '+17706623666', 'greg.thiele@micromeritics.com', 'Director of Lab Serv'),
(162, NULL, 'Robert M. Walsh', '+14045550788', 'rwalsh@materialsanalyis.com', 'Senior Metallurgist'),
(163, NULL, 'Dr. Jing-Ping Hu', '+14103815040', 'jhu@eag.com', 'Director of Science'),
(164, NULL, 'Trevor J. Boyce', '+14106331800', 'trevor.boyce@microbac.com', 'CEO'),
(165, NULL, 'Dr. Michael K. Patel', '+13019375700', 'mpatel@emsl.com', 'Lab Manager'),
(166, NULL, 'William M. Carnes', '+14108804755', 'wcarnes@hcea.com', 'Principal Petrograph'),
(167, NULL, 'Dr. Linda S. Myers', '+14105550299', 'linda.myers@bureauveritas.com', 'Operations Manager'),
(168, NULL, 'Edward J. Olis', '+13014592640', 'eolis@amalab.com', 'Director'),
(169, NULL, 'Dr. Sarah E. Jenkins', '+13015550788', 'sjenkins@eurofins.com', 'Technical Lead'),
(170, NULL, 'Dr. David W. Riley', '+13015550411', 'driley@pcl-labs.com', 'Senior Scientist'),
(171, NULL, 'Dr. Mark R. DeFusco', '+13015550322', 'mdefusco@axonmicro.com', 'Director'),
(172, NULL, 'Gregory S. Mock', '+14105550911', 'gmock@mtc-inc.net', 'Lab Manager'),
(173, NULL, 'Dr. Suzanne R. Bell', '+13015550144', 'sbell@ntl-labs.com', 'Regional Technical L'),
(174, NULL, 'Dr. Robert M. Fisher', '+14105550611', 'rfisher@preanalysis.com', 'Director'),
(175, NULL, 'Dr. Matthew G. Kiser', '+19198500012', 'mkiser@eag.com', 'Director of Engineer'),
(176, NULL, 'Dr. Richard K. Brown', '+17706623630', 'rbrown@mvascientific.com', 'Senior Scientist'),
(177, NULL, 'Dr. Sarah E. Jenkins', '+19195550233', 'sjenkins@eurofins.com', 'Site Director'),
(178, NULL, 'Mark R. DeFusco', '+17045550811', 'mdefusco@particletesting.com', 'Lab Manager'),
(179, NULL, 'Stephen S. Siepman', '+13369921025', 'ssiepman@emsl.com', 'Branch Manager'),
(180, NULL, 'Dr. Linda S. Myers', '+19195550744', 'lmyers@microanalytic.com', 'Technical Director'),
(181, NULL, 'Robert J. Rickly', '+19198722660', 'brickly@smeinc.com', 'Materials Lab Direct'),
(182, NULL, 'Dr. Anthony J. Stark', '+19195550199', 'astark@bureauveritas.com', 'Regional Lead'),
(183, NULL, 'Dr. Thomas J. Isabell', '+14808291683', 'tisabell@eag.com', 'Director of Microsco'),
(184, NULL, 'Mark S. Guerrero', '+17195994027', 'mguerrero@insightanalytical.com', 'Lab Manager'),
(185, NULL, 'Dr. William L. Walker', '+15206224836', 'wwalker@skylinelabs.com', 'President'),
(186, NULL, 'Dr. Rick A. Gauthier', '+16239154415', 'rick.gauthier@element.com', 'General Manager'),
(187, NULL, 'Nour-eddine Garti', '+16022764344', 'ngarti@emsl.com', 'Lab Manager'),
(188, NULL, 'Cheryl R. Shepard', '+16023246100', 'cshepard@legend-group.com', 'Director'),
(189, NULL, 'Gregg A. Creaser', '+16029976391', 'gcreaser@speedie.net', 'Petrography Lead'),
(190, NULL, 'Dr. Robert M. Fisher', '+15205550122', 'rfisher@optanalysis.com', 'Technical Director'),
(191, NULL, 'Dr. Steven J. Ruoff', '+17345550122', 'sruoff@nslanalytical.com', 'Technical Director'),
(192, NULL, 'Dr. Michael J. Ziv', '+12489604900', 'michael.ziv@element.com', 'General Manager'),
(193, NULL, 'Dr. Eric S. Grulke', '+19898321400', 'egrulke@impactanalytical.com', 'Senior Microscopist'),
(194, NULL, 'Dr. Jing-Ping Hu', '+17345550988', 'jhu@eag.com', 'Lead Scientist'),
(195, NULL, 'Dr. Phillip A. Peterson', '+15176990345', 'ppeterson@fibertec.us', 'President'),
(196, NULL, 'John L. Smith', '+17344623900', 'jsmith@paragonlabs.com', 'Lab Director'),
(197, NULL, 'Steven M. Bowser', '+16164565471', 'sbowser@mtc-inc.net', 'VP of Materials'),
(198, NULL, 'Robert M. Walsh', '+12485550711', 'rwalsh@atslab.com', 'Senior Metallurgist'),
(199, NULL, 'Dr. Jing-Ping Hu', '+17195550188', 'jhu@eag.com', 'Site Manager'),
(200, NULL, 'Dr. Jeremy P. Haile', '+13036298788', 'jhaile@knightpiesold.com', 'President'),
(201, NULL, 'Dr. Stephen S. Siepman', '+13039641951', 'ssiepman@reilab.com', 'Lab Manager'),
(202, NULL, 'Nour-eddine Garti', '+13032323964', 'ngarti@emsl.com', 'Regional Manager'),
(203, NULL, 'Dr. Robert M. Walsh', '+13038250777', 'rwalsh@ctlthompson.com', 'Chief Petrographer'),
(204, NULL, 'Dr. Anthony J. Stark', '+17205550244', 'astark@hauserlabs.com', 'Technical Director'),
(205, NULL, 'Dr. Manish K. Patel', '+13035550711', 'manish.patel@microbac.com', 'Lab Manager'),
(206, NULL, 'Dr. Greg J. Thiele', '+17706623666', 'greg.thiele@micromeritics.com', 'Director'),
(207, NULL, 'Dr. Matthew G. Kiser', '+15036435670', 'mkiser@eag.com', 'Director of Operatio'),
(208, NULL, 'Dr. Sarah E. Jenkins', '+15035550199', 'sjenkins@nanovision.com', 'Technical Lead'),
(209, NULL, 'Dr. Munaf T. Nassani', '+15035550211', 'mnassani@nvllabs.com', 'Lab Director'),
(210, NULL, 'Stephen S. Siepman', '+15035550488', 'ssiepman@emsl.com', 'Manager'),
(211, NULL, 'Dr. David W. Riley', '+15036413478', 'driley@gri.com', 'Principal Geologist'),
(212, NULL, 'Gregory S. Mock', '+15035550922', 'gmock@mtc-inc.net', 'Lab Director'),
(213, NULL, 'Dr. Linda S. Myers', '+15035550644', 'lmyers@eurofins.com', 'Microbiology Directo'),
(214, NULL, 'Robert M. Walsh', '+15035550833', 'rwalsh@micro-consultants.com', 'Senior Microscopist'),
(215, NULL, 'Dr. Eric S. Grulke', '+16126076400', 'egrulke@pacelabs.com', 'Technical Director'),
(216, NULL, 'Dr. Michael J. Ziv', '+16515550299', 'mziv@cambridgematerials.com', 'Lab Manager'),
(217, NULL, 'Stephen S. Siepman', '+17634494922', 'ssiepman@emsl.com', 'Regional Manager'),
(218, NULL, 'Gerard D. Moulin', '+16516591350', 'gmoulin@amengtest.com', 'Senior Petrographer'),
(219, NULL, 'Cheryl R. Shepard', '+16516421150', 'cshepard@legend-group.com', 'Technical Director'),
(220, NULL, 'Dr. Robert M. Walsh', '+19529952000', 'rwalsh@braunintertec.com', 'Principal Scientist'),
(221, NULL, 'Dr. Jing-Ping Hu', '+19529342749', 'jhu@eag.com', 'Director of Science'),
(222, NULL, 'Dr. Mark R. DeFusco', '+19525550844', 'mdefusco@microanalysis-mn.com', 'Senior Microscopist'),
(223, NULL, 'Dr. Rick A. Gauthier', '+16516453601', 'rick.gauthier@element.com', 'General Manager'),
(224, NULL, 'Dr. Hash M. Hashemian', '+18656911756', 'hash@ams-corp.com', 'President'),
(225, NULL, 'Dr. Richard K. Brown', '+17706623630', 'rbrown@mvascientific.com', 'Senior Scientist'),
(226, NULL, 'Nour-eddine Garti', '+16158463200', 'ngarti@emsl.com', 'Lab Manager'),
(227, NULL, 'Dr. Manish K. Patel', '+18659771200', 'manish.patel@microbac.com', 'Managing Director'),
(228, NULL, 'Robert J. Rickly', '+16152448846', 'brickly@smeinc.com', 'Senior Petrographer'),
(229, NULL, 'Jim J. Hills', '+19013232200', 'jhills@atslab.com', 'Regional Director'),
(230, NULL, 'Dr. Jing-Ping Hu', '+18655550912', 'jhu@eag.com', 'Director of Science'),
(231, NULL, 'Dr. Mark R. DeFusco', '+16155550344', 'mdefusco@kairostesting.com', 'Senior Engineer'),
(232, NULL, 'Dr. Linda S. Myers', '+19015550877', 'lmyers@precisionbiotics.com', 'Lab Lead'),
(233, NULL, 'Dr. Edward L. Prinz', '+18014664811', 'edprinz@semlab.com', 'President & Lab Mana'),
(234, NULL, 'Dr. Martell Winters', '+18012907500', 'mwinters@nelsonlabs.com', 'Director of Scientif'),
(235, NULL, 'Dr. Randall J. Noe', '+18019721441', 'rnoe@safe-labs.com', 'Principal Engineer'),
(236, NULL, 'Dr. Kim J. Smith', '+18018477722', 'ksmith@analyticalresource.com', 'Technical Manager'),
(237, NULL, 'Dr. Mark S. Guerrero', '+18015550344', 'mguerrero@aerolitegroup.com', 'Lab Lead'),
(238, NULL, 'Reed Hendricks', '+18019435510', 'rhendricks@chemtechford.com', 'General Manager'),
(239, NULL, 'Dr. Farhad Ghavami', '+13145550122', 'fghavami@eurofins.com', 'Technical Director'),
(240, NULL, 'Dr. Jing-Ping Hu', '+16367575500', 'jhu@eag.com', 'Senior Scientist'),
(241, NULL, 'Dr. Mark R. DeFusco', '+18165550944', 'mdefusco@esi-mo.com', 'Forensic Materials L'),
(242, NULL, 'George L. Smith', '+15137771525', 'gsmith@alphaliberty.com', 'Technical Director'),
(243, NULL, 'Dr. Robert M. Walsh', '+13146366880', 'rmw@shanwil.com', 'Senior Geologist'),
(244, NULL, 'Nour-eddine Garti', '+13145770150', 'ngarti@emsl.com', 'Lab Manager'),
(245, NULL, 'Dr. Linda S. Myers', '+16082427100', 'lmyers@eurofins.com', 'Director of Microsco'),
(246, NULL, 'Dr. Mark R. DeFusco', '+16082422712', 'mdefusco@covance.com', 'Senior Pathologist'),
(247, NULL, 'Dr. Robert M. Walsh', '+14144217600', 'rwalsh@andersonlabs.com', 'Technical Manager'),
(248, NULL, 'Dr. Rick A. Gauthier', '+12627826344', 'rick.gauthier@element.com', 'General Manager'),
(249, NULL, 'Nour-eddine Garti', '+18002203675', 'ngarti@emsl.com', 'Lab Manager'),
(250, NULL, 'Stephen M. Bowser', '+12625440118', 'sbowser@gilesengr.com', 'President'),
(251, NULL, 'Dr. Sarah E. Jenkins', '+12038785600', 'sjenkins@lmt-ct.com', 'Technical Director'),
(252, NULL, 'Dr. Thomas J. Morgan', '+18606465555', 'tmorgan@imsolutions.com', 'Principal Scientist'),
(253, NULL, 'Mark S. Guerrero', '+18602989692', 'mguerrero@trccompanies.com', 'Laboratory Lead'),
(254, NULL, 'Dr. Robert J. Brooks', '+12038539792', 'rbrooks@brooksenvironmental.com', 'President'),
(255, NULL, 'Dr. James M. Sheahan', '+18605550211', 'jsheahan@digioiagray.com', 'Chief Engineer'),
(256, NULL, 'Phyllis Shiller', '+18606451102', 'pshiller@phoenixlabs.com', 'Lab Director'),
(257, NULL, 'Dr. Kent L. Rhodes', '+16308877100', 'krhodes@mccrone.com', 'Senior Vice Presiden'),
(258, NULL, 'Dr. Rick A. Gauthier', '+17654479146', 'rick.gauthier@element.com', 'General Manager'),
(259, NULL, 'Dr. Manish K. Patel', '+13175550299', 'manish.patel@eurofins.com', 'Lab Operations Lead'),
(260, NULL, 'Dr. Frank S. Guerrero', '+18002485227', 'fguerrero@aitlabs.com', 'Scientific Director'),
(261, NULL, 'Nour-eddine Garti', '+13178032997', 'ngarti@emsl.com', 'Lab Manager'),
(262, NULL, 'Dr. Robert M. Walsh', '+18479657500', 'rwalsh@ctlgroup.com', 'Senior Petrographer'),
(263, NULL, 'Dr. Phillip A. Peterson', '+12565550133', 'ppeterson@mpalabs.com', 'Principal Scientist'),
(264, NULL, 'Jim J. Hills', '+12568813200', 'jhills@atslab.com', 'Regional Director'),
(265, NULL, 'Nour-eddine Garti', '+12059128958', 'ngarti@emsl.com', 'Lab Manager'),
(266, NULL, 'Stephen M. Bowser', '+12053450816', 'sbowser@ttlusa.com', 'President'),
(267, NULL, 'Dr. Robert J. Rickly', '+12513447711', 'rrickly@soearth.com', 'Senior Geologist');

-- --------------------------------------------------------

--
-- Estructura de tabla para la tabla `person_roles`
--

CREATE TABLE `person_roles` (
  `Id_person` int(11) DEFAULT NULL,
  `Id_college` int(11) DEFAULT NULL,
  `Id_laboratory` int(11) DEFAULT NULL
) ENGINE=InnoDB DEFAULT CHARSET=utf8mb4 COLLATE=utf8mb4_general_ci;

--
-- Volcado de datos para la tabla `person_roles`
--

INSERT INTO `person_roles` (`Id_person`, `Id_college`, `Id_laboratory`) VALUES
(9, NULL, 2),
(10, NULL, 3),
(11, NULL, 4),
(12, NULL, 5),
(13, NULL, 6),
(14, NULL, 7),
(15, NULL, 8),
(16, NULL, 9),
(17, NULL, 10),
(18, NULL, 11),
(19, NULL, 12),
(20, NULL, 13),
(21, NULL, 14),
(22, NULL, 15),
(23, NULL, 16),
(24, NULL, 17),
(25, NULL, 18),
(26, NULL, 19),
(27, NULL, 20),
(28, NULL, 21),
(29, NULL, 22),
(30, NULL, 23),
(31, NULL, 24),
(32, NULL, 25),
(33, NULL, 26),
(34, NULL, 27),
(35, NULL, 28),
(41, NULL, 34),
(42, NULL, 35),
(43, NULL, 36),
(44, NULL, 37),
(45, NULL, 38),
(46, NULL, 39),
(47, NULL, 40),
(48, NULL, 41),
(49, NULL, 42),
(50, NULL, 43),
(51, NULL, 44),
(52, NULL, 45),
(53, NULL, 46),
(54, NULL, 47),
(55, NULL, 48),
(56, NULL, 49),
(57, NULL, 50),
(58, NULL, 51),
(59, NULL, 52),
(60, NULL, 53),
(61, NULL, 54),
(67, NULL, 60),
(68, NULL, 61),
(69, NULL, 62),
(70, NULL, 63),
(71, NULL, 64),
(72, NULL, 65),
(73, NULL, 66),
(74, NULL, 67),
(75, NULL, 68),
(76, NULL, 69),
(77, NULL, 70),
(78, NULL, 71),
(79, NULL, 72),
(80, NULL, 73),
(81, NULL, 74),
(82, NULL, 75),
(83, NULL, 76),
(84, NULL, 77),
(85, NULL, 78),
(86, NULL, 79),
(87, NULL, 80),
(88, NULL, 81),
(89, NULL, 82),
(90, NULL, 83),
(91, NULL, 84),
(92, NULL, 85),
(93, NULL, 86),
(94, NULL, 87),
(95, NULL, 88),
(96, NULL, 89),
(97, NULL, 90),
(98, NULL, 91),
(99, NULL, 92),
(100, NULL, 93),
(101, NULL, 94),
(102, NULL, 95),
(103, NULL, 96),
(104, NULL, 97),
(105, NULL, 98),
(106, NULL, 99),
(107, NULL, 100),
(108, NULL, 101),
(109, NULL, 102),
(110, NULL, 103),
(111, NULL, 104),
(112, NULL, 105),
(113, NULL, 106),
(114, NULL, 107),
(115, NULL, 108),
(116, NULL, 109),
(117, NULL, 110),
(118, NULL, 111),
(119, NULL, 112),
(120, NULL, 113),
(121, NULL, 114),
(122, NULL, 115),
(123, NULL, 116),
(124, NULL, 117),
(125, NULL, 118),
(126, NULL, 119),
(127, NULL, 120),
(128, NULL, 121),
(129, NULL, 122),
(130, NULL, 123),
(131, NULL, 124),
(132, NULL, 125),
(133, NULL, 126),
(134, NULL, 127),
(135, NULL, 128),
(136, NULL, 129),
(137, NULL, 130),
(138, NULL, 131),
(139, NULL, 132),
(140, NULL, 133),
(141, NULL, 134),
(142, NULL, 135),
(143, NULL, 136),
(144, NULL, 137),
(145, NULL, 138),
(146, NULL, 139),
(147, NULL, 140),
(148, NULL, 141),
(149, NULL, 142),
(150, NULL, 143),
(151, NULL, 144),
(152, NULL, 145),
(153, NULL, 146),
(154, NULL, 147),
(155, NULL, 148),
(156, NULL, 149),
(157, NULL, 150),
(158, NULL, 151),
(159, NULL, 152),
(160, NULL, 153),
(161, NULL, 154),
(162, NULL, 155),
(163, NULL, 156),
(164, NULL, 157),
(165, NULL, 158),
(166, NULL, 159),
(167, NULL, 160),
(168, NULL, 161),
(169, NULL, 162),
(170, NULL, 163),
(171, NULL, 164),
(172, NULL, 165),
(173, NULL, 166),
(174, NULL, 167),
(175, NULL, 168),
(176, NULL, 169),
(177, NULL, 170),
(178, NULL, 171),
(179, NULL, 172),
(180, NULL, 173),
(181, NULL, 174),
(182, NULL, 175),
(183, NULL, 176),
(184, NULL, 177),
(185, NULL, 178),
(186, NULL, 179),
(187, NULL, 180),
(188, NULL, 181),
(189, NULL, 182),
(190, NULL, 183),
(191, NULL, 184),
(192, NULL, 185),
(193, NULL, 186),
(194, NULL, 187),
(195, NULL, 188),
(196, NULL, 189),
(197, NULL, 190),
(198, NULL, 191),
(199, NULL, 192),
(200, NULL, 193),
(201, NULL, 194),
(202, NULL, 195),
(203, NULL, 196),
(204, NULL, 197),
(205, NULL, 198),
(206, NULL, 199),
(207, NULL, 200),
(208, NULL, 201),
(209, NULL, 202),
(210, NULL, 203),
(211, NULL, 204),
(212, NULL, 205),
(213, NULL, 206),
(214, NULL, 207),
(215, NULL, 208),
(216, NULL, 209),
(217, NULL, 210),
(218, NULL, 211),
(219, NULL, 212),
(220, NULL, 213),
(221, NULL, 214),
(222, NULL, 215),
(223, NULL, 216),
(224, NULL, 217),
(225, NULL, 218),
(226, NULL, 219),
(227, NULL, 220),
(228, NULL, 221),
(229, NULL, 222),
(230, NULL, 223),
(231, NULL, 224),
(232, NULL, 225),
(233, NULL, 226),
(234, NULL, 227),
(235, NULL, 228),
(236, NULL, 229),
(237, NULL, 230),
(238, NULL, 231),
(239, NULL, 232),
(240, NULL, 233),
(241, NULL, 234),
(242, NULL, 235),
(243, NULL, 236),
(244, NULL, 237),
(245, NULL, 238),
(246, NULL, 239),
(247, NULL, 240),
(248, NULL, 241),
(249, NULL, 242),
(250, NULL, 243),
(251, NULL, 244),
(252, NULL, 245),
(253, NULL, 246),
(254, NULL, 247),
(255, NULL, 248),
(256, NULL, 249),
(257, NULL, 250),
(258, NULL, 251),
(259, NULL, 252),
(260, NULL, 253),
(261, NULL, 254),
(262, NULL, 255),
(263, NULL, 256),
(264, NULL, 257),
(265, NULL, 258),
(266, NULL, 259),
(267, NULL, 260);

-- --------------------------------------------------------

--
-- Estructura de tabla para la tabla `region`
--

CREATE TABLE `region` (
  `Id_region` bigint(20) UNSIGNED NOT NULL,
  `region_name` varchar(50) NOT NULL,
  `Id_country` int(11) DEFAULT NULL
) ENGINE=InnoDB DEFAULT CHARSET=utf8mb4 COLLATE=utf8mb4_general_ci;

--
-- Volcado de datos para la tabla `region`
--

INSERT INTO `region` (`Id_region`, `region_name`, `Id_country`) VALUES
(1, 'North America / USA Region', 1);

-- --------------------------------------------------------

--
-- Estructura de tabla para la tabla `scientific_equipment`
--

CREATE TABLE `scientific_equipment` (
  `Id_equipment` bigint(20) UNSIGNED NOT NULL,
  `equipment_name` varchar(100) NOT NULL,
  `technology` varchar(15) DEFAULT NULL,
  `Id_institution` int(11) DEFAULT NULL
) ENGINE=InnoDB DEFAULT CHARSET=utf8mb4 COLLATE=utf8mb4_general_ci;

--
-- Volcado de datos para la tabla `scientific_equipment`
--

INSERT INTO `scientific_equipment` (`Id_equipment`, `equipment_name`, `technology`, `Id_institution`) VALUES
(1, 'Cameca SIMS', 'SIMS', 2),
(2, 'DualBeam FIB', 'FIB-SEM', 2),
(3, 'FEI Talos TEM', 'Cryo-TEM', 3),
(4, 'JEOL SEM', 'SEM', 4),
(5, 'Dimension AFM', 'AFM', 6),
(6, 'Zeiss SEM', 'SEM', 7),
(7, 'PHI 710 Auger Microprobe', 'Auger', 8),
(8, 'FE-SEM / EDS', 'FESEM', 9),
(9, 'Hitachi SEM', 'SEM', 10),
(10, 'Bruker AFM', 'AFM', 11),
(11, 'Hyperspectral Microscope', 'Optical', 12),
(12, 'Petrographic Microscope', 'PLM', 13),
(13, 'Scanning Electron Microscope', 'SEM', 14),
(14, 'Comparison Microscope', 'Optical', 15),
(15, 'FIB-SEM Dual Beam', 'FIB-SEM', 16),
(16, 'JEOL JEM-1200 EX II', 'TEM', 5),
(17, 'Olympus BH-2', 'PLM', 5),
(18, 'Nikon Eclipse E200', 'PCM', 5),
(19, 'JEOL SEM with EDS', 'SEM', 17),
(20, 'LOM Optical Systems', 'LOM', 17),
(21, 'High-Res SEM', 'SEM', 18),
(22, 'Polarized Light Microscope', 'PLM', 18),
(23, 'AFM System', 'AFM', 19),
(24, 'Confocal Microscope', 'Confocal', 19),
(25, 'FESEM-EDS', 'SEM', 20),
(26, 'TEM for Air Samples', 'TEM', 21),
(27, 'PLM for Bulk', 'PLM', 21),
(28, 'EDAX Detectors', 'SEM-EDS', 22),
(29, 'FESEM-EDS Cleanroom unit', 'FESEM', 23),
(30, 'Inverted Metallograph', 'LOM', 24),
(31, 'SEM/EDS', 'SEM', 24),
(32, 'Optical Stereomicroscope', 'Optical', 25),
(33, 'SEM for Bulk Materials', 'SEM', 25),
(34, 'PLM Microscope', 'PLM', 26),
(35, 'Phase Contrast Microscope', 'PCM', 26),
(36, 'Atomic Force Microscope', 'AFM', 27),
(37, 'TEM for Tissues', 'TEM', 28),
(38, 'Confocal Laser Scanner', 'Confocal', 28),
(48, 'FESEM for Rock Imaging', 'FESEM', 34),
(49, 'Automated Petrographic Microscope', 'PLM', 34),
(50, 'FIB-SEM Cross-sectioning', 'FIB-SEM', 35),
(51, 'Transmission Electron Microscope', 'TEM', 35),
(52, 'SEM with EDS', 'SEM', 36),
(53, 'Metallurgical Optical Microscope', 'LOM', 36),
(54, 'Atomic Force Microscope', 'AFM', 37),
(55, 'TEM for Air Samples', 'TEM', 38),
(56, 'PLM for Bulk Samples', 'PLM', 38),
(57, 'FESEM-EDS', 'SEM', 39),
(58, 'Stereo Microscope', 'Optical', 39),
(59, 'FESEM-EDS System', 'SEM', 40),
(60, 'Optical Metallograph', 'LOM', 40),
(61, 'Scanning Electron Microscope', 'SEM', 41),
(62, 'FTIR Microscope', 'FTIR', 41),
(63, 'Zeiss EVO SEM', 'SEM', 42),
(64, 'JEOL SEM with EDS', 'SEM', 43),
(65, 'Raman Microscope', 'Raman', 43),
(66, 'SEM for Polymer Morphology', 'SEM', 44),
(67, 'Polarized Optical Microscope', 'PLM', 44),
(68, 'Hitachi SEM with Oxford EDS', 'SEM', 45),
(69, 'Thermo Scientific Glacios', 'Cryo-EM', 46),
(70, 'FE-SEM / EDS', 'FESEM', 47),
(71, 'XPS Spectrometer', 'Surface Science', 47),
(72, 'JEOL SEM with EDS', 'SEM', 48),
(73, 'Polarized Light Microscope', 'PLM', 48),
(74, 'Titan Krios Cryo-TEM', 'Cryo-TEM', 49),
(75, 'TEM (Asbestos specialized)', 'TEM', 50),
(76, 'PLM Microscope', 'PLM', 50),
(77, 'FESEM-EDS System', 'SEM', 51),
(78, 'SEM for Polymeric Failure', 'SEM', 52),
(79, 'SEM-EDS Detector', 'SEM', 53),
(80, 'Automated Microscopy Station', 'Optical', 54),
(88, 'TEM 1200 EX', 'TEM', 60),
(89, 'Olympus BX51', 'PLM', 60),
(90, 'Titan Krios', 'Cryo-EM', 61),
(91, 'Bruker AFM', 'AFM', 62),
(92, 'Scanning Electron Microscope', 'SEM', 63),
(93, 'Helios G4 FIB-SEM', 'FIB-SEM', 64),
(94, 'Talos TEM', 'TEM', 64),
(95, 'Gel Permeation Chromatograph with LS', 'Micro-analysis', 65),
(96, 'JEOL JSM-7600F FESEM', 'FESEM', 66),
(97, 'Raman Microprobe', 'Raman', 66),
(98, 'Auger Electron Spectrometer', 'AES', 67),
(99, 'Scanning Electron Microscope', 'SEM', 68),
(100, 'Optical Metallograph', 'LOM', 68),
(101, 'Philips TEM', 'TEM', 69),
(102, 'Polarized Light Microscope', 'PLM', 69),
(103, 'Zeiss Optical Microscope', 'LOM', 70),
(104, 'TEM for Asbestos', 'TEM', 71),
(105, 'Phase Contrast Microscope', 'PCM', 71),
(106, 'FESEM with Oxford EDS', 'SEM', 72),
(107, 'X-Ray Micro-CT', 'Micro-CT', 72),
(108, 'Variable Pressure SEM', 'SEM', 73),
(109, 'Polarized Light Microscope', 'PLM', 73),
(110, 'Inverted Metallograph', 'LOM', 74),
(111, 'Confocal Laser Microscope', 'Confocal', 75),
(112, 'Phase Contrast Microscope', 'PCM', 76),
(113, 'Stereo Zoom Microscope', 'Optical', 77),
(114, 'SEM-EDS', 'SEM', 77),
(115, 'FESEM with EDS/WDS', 'FESEM', 78),
(116, 'Transmission Electron Microscope', 'TEM', 78),
(117, 'Scanning Electron Microscope', 'SEM', 79),
(118, 'Polarized Light Microscope', 'PLM', 79),
(119, 'FESEM with EDS', 'FESEM', 80),
(120, 'Inverted Optical Microscope', 'LOM', 80),
(121, 'TEM (Asbestos specialized)', 'TEM', 81),
(122, 'PLM Microscope', 'PLM', 81),
(123, 'Scanning Electron Microscope', 'SEM', 82),
(124, 'FE-SEM with EDS', 'FESEM', 83),
(125, 'Confocal Microscope', 'Confocal', 83),
(126, 'SEM for Powder Morphology', 'SEM', 84),
(127, 'FESEM-EDS System', 'SEM', 85),
(128, 'AFM Nano-indenter', 'AFM', 85),
(129, 'Scanning Electron Microscope', 'SEM', 86),
(130, 'Stereo Microscope', 'Optical', 86),
(131, 'Polarized Light Microscope', 'PLM', 87),
(132, 'TEM for Soil', 'TEM', 87),
(133, 'SEM with EDS', 'SEM', 88),
(134, 'Variable Pressure SEM', 'SEM', 89),
(135, 'FTIR Microscope', 'FTIR', 89),
(136, 'XPS Spectrometer', 'Surface Science', 90),
(137, 'TOF-SIMS', 'Mass Spec/Micro', 90),
(138, 'SEM-EDS Probe', 'SEM', 91),
(139, 'Stereomicroscope', 'Optical', 91),
(140, 'Metallurgical Microscope', 'LOM', 92),
(141, 'SEM for Fractography', 'SEM', 92),
(142, 'High Resolution FESEM', 'FESEM', 93),
(143, 'Fluorescence Microscope', 'Optical', 94),
(144, 'Confocal Laser Scanner', 'Confocal', 95),
(145, 'High Resolution TEM', 'TEM', 96),
(146, 'FESEM-EDS', 'SEM', 96),
(147, 'Confocal Microscope', 'LOM', 96),
(148, 'SIMS (Secondary Ion Mass Spec)', 'Surface Science', 97),
(149, 'FIB-SEM', 'SEM', 97),
(150, 'SEM-EDS Probe', 'SEM', 98),
(151, 'Automated Optical Microscopy', 'LOM', 99),
(152, 'Laser Diffraction Particle Sizer', 'Sizing', 99),
(153, 'Scanning Electron Microscope', 'SEM', 100),
(154, 'Polarized Light Microscope', 'PLM', 101),
(155, 'Digital Imaging System', 'Optical', 101),
(156, 'FESEM-EDS', 'SEM', 102),
(157, 'FTIR Microscope', 'FTIR', 102),
(158, 'Phase Contrast Microscope', 'PCM', 103),
(159, 'Epifluorescence Microscope', 'Optical', 103),
(160, 'High-Res STEM', 'STEM', 104),
(161, 'Zeta Sizer', 'Nanoparticle An', 104),
(162, 'SEM with EDS', 'SEM', 105),
(163, 'Scanning Electron Microscope', 'SEM', 106),
(164, 'Inverted Optical Bench', 'LOM', 106),
(165, 'PCM Microscope', 'PCM', 107),
(166, 'PLM for Bulk ID', 'PLM', 107),
(167, 'SEM-EDS System', 'SEM', 108),
(168, 'Polarized Light Microscope', 'PLM', 108),
(169, 'Digital Light Microscope', 'Optical', 109),
(170, 'Interferometric Microscope', 'Optical', 110),
(171, 'Petrographic Microscope', 'PLM', 111),
(172, 'SEM', 'SEM', 111),
(173, 'FESEM for Medical Devices', 'SEM', 112),
(174, 'Hot-stage Microscope', 'Optical', 113),
(175, 'ESEM', 'SEM', 113),
(176, 'FIB-SEM Dual Beam', 'FIB-SEM', 114),
(177, 'Acoustic Microscope', 'SAM', 114),
(178, 'TEM (JEOL 1200)', 'TEM', 115),
(179, 'Polarized Light Microscope', 'PLM', 115),
(180, 'SEM with EDS', 'SEM', 116),
(181, 'Optical Emission Spec', 'Metallurgy', 116),
(182, 'Fluorescence Microscope', 'Optical', 117),
(183, 'Automated SEM', 'SEM', 118),
(184, 'TEM for Particle ID', 'TEM', 118),
(185, 'Petrographic Microscope', 'PLM', 119),
(186, 'Olympus BX-51 Microscope', 'Optical', 120),
(187, 'SEM with EDS Detector', 'SEM', 121),
(188, 'Automated Slide Scanner', 'Digital Patholo', 122),
(189, 'Fluorescence Microscope', 'Optical', 122),
(190, 'Phase Contrast Microscope', 'PCM', 123),
(191, 'Helios G5 DualBeam', 'FIB-SEM', 124),
(192, 'Titan TEM', 'TEM', 124),
(193, 'Variable Pressure SEM', 'SEM', 125),
(194, 'TEM (Asbestos specialized)', 'TEM', 126),
(195, 'PLM Microscope', 'PLM', 126),
(196, 'FESEM with EDS', 'FESEM', 127),
(197, 'XPS Spectrometer', 'Surface Science', 127),
(198, 'Petrographic Microscope', 'PLM', 128),
(199, 'Stereo Zoom Microscope', 'Optical', 128),
(200, 'SEM-EDS Detector', 'SEM', 129),
(201, 'Automated Particle Counter', 'Optical', 129),
(202, 'Inverted Phase Contrast Microscope', 'PCM', 130),
(203, 'Fluorescence Microscope', 'Optical', 131),
(204, 'SEM', 'SEM', 131),
(205, 'SEM with High-Res EDS', 'SEM', 132),
(206, 'X-Ray Diffractometer', 'XRD', 132),
(207, 'Scanning Electron Microscope', 'SEM', 133),
(208, 'Polarized Light Microscope', 'PLM', 133),
(209, 'Keyence Digital Microscope', 'Optical', 134),
(210, 'FESEM-EDS', 'SEM', 135),
(211, 'Variable Pressure SEM', 'SEM', 136),
(212, 'SEM-EDS Probe', 'SEM', 137),
(213, 'Polarized Light Microscope', 'PLM', 137),
(214, 'FESEM with EDS', 'SEM', 138),
(215, 'X-Ray Diffractometer', 'XRD', 138),
(216, 'Scanning Electron Microscope', 'SEM', 139),
(217, 'Inverted Metallograph', 'LOM', 139),
(218, 'Cryo-SEM', 'SEM', 140),
(219, 'FTIR Microscope', 'FTIR', 140),
(220, 'SEM-EDS', 'SEM', 141),
(221, 'Digital Optical Microscope', 'LOM', 141),
(222, 'Petrographic Microscope', 'PLM', 142),
(223, 'Inverted Phase Contrast Microscope', 'PCM', 143),
(224, 'X-Ray Photoelectron Spectrometer', 'XPS', 144),
(225, 'AFM', 'AFM', 144),
(226, 'TEM for Asbestos', 'TEM', 145),
(227, 'PLM', 'PLM', 145),
(228, 'Scanning Electron Microscope', 'SEM', 146),
(229, 'FESEM with Oxford EDS', 'SEM', 147),
(230, 'Optical Metallograph', 'LOM', 147),
(231, 'Fluorescence Microscope', 'Optical', 148),
(232, 'TEM (JEOL)', 'TEM', 149),
(233, 'PLM Microscope', 'PLM', 149),
(234, 'AFM (Atomic Force Microscope)', 'AFM', 150),
(235, 'FESEM', 'SEM', 150),
(236, 'Phase Contrast Microscope', 'PCM', 151),
(237, 'Polarized Light Microscope', 'PLM', 151),
(238, 'Confocal Laser Microscope', 'Confocal', 152),
(239, 'Petrographic Microscope', 'PLM', 153),
(240, 'SEM with automated image analysis', 'SEM', 154),
(241, 'Dynamic Light Scattering', 'DLS', 154),
(242, 'Scanning Electron Microscope', 'SEM', 155),
(243, 'XPS Spectrometer', 'Surface Science', 156),
(244, 'TOF-SIMS', 'Mass Spec/Micro', 156),
(245, 'Fluorescence Microscope', 'Optical', 157),
(246, 'TEM for Fibers', 'TEM', 158),
(247, 'PLM Microscope', 'PLM', 158),
(248, 'Petrographic Microscope', 'PLM', 159),
(249, 'SEM with EDS', 'SEM', 160),
(250, 'PLM Microscope', 'PLM', 161),
(251, 'Phase Contrast Microscope', 'PCM', 161),
(252, 'Confocal Microscope', 'Confocal', 162),
(253, 'Dynamic Light Scattering', 'DLS', 163),
(254, 'Cryo-TEM', 'TEM', 163),
(255, 'High-Res SEM-EDS', 'SEM', 164),
(256, 'FTIR Microscope', 'FTIR', 164),
(257, 'Optical Zoom Microscope', 'Optical', 165),
(258, 'Variable Pressure SEM', 'SEM', 166),
(259, 'FESEM-EDS', 'SEM', 167),
(260, 'AFM', 'AFM', 167),
(261, 'FIB-SEM Dual Beam', 'FIB-SEM', 168),
(262, 'AES (Auger Electron Spec)', 'Surface Science', 168),
(263, 'FE-SEM with EDS', 'SEM', 169),
(264, 'Confocal Raman Microscope', 'Raman', 169),
(265, 'Fluorescence Microscope', 'Optical', 170),
(266, 'Cryo-TEM', 'TEM', 170),
(267, 'Automated Optical Microscope', 'LOM', 171),
(268, 'TEM (JEOL)', 'TEM', 172),
(269, 'PLM', 'PLM', 172),
(270, 'SEM with EDS Probe', 'SEM', 173),
(271, 'Petrographic Microscope', 'PLM', 174),
(272, 'SEM-EDS', 'SEM', 175),
(273, 'Titan HR-TEM', 'TEM', 176),
(274, 'Dual Beam FIB-SEM', 'FIB-SEM', 176),
(275, 'Scanning Acoustic Microscope', 'SAM', 177),
(276, 'Polarized Light Microscope', 'PLM', 178),
(277, 'SEM-EDS', 'SEM', 178),
(278, 'SEM with High-Res EDS', 'SEM', 179),
(279, 'Optical Metallograph', 'LOM', 179),
(280, 'TEM (JEOL)', 'TEM', 180),
(281, 'PLM Microscope', 'PLM', 180),
(282, 'Fluorescence Microscope', 'Optical', 181),
(283, 'Petrographic Microscope', 'PLM', 182),
(284, 'Interferometric Microscope', 'Optical', 183),
(285, 'AFM', 'AFM', 183),
(286, 'FESEM with Oxford EDS', 'SEM', 184),
(287, 'Optical Emission Spec', 'Metallurgy', 184),
(288, 'SEM-EDS with Large Chamber', 'SEM', 185),
(289, 'Digital Optical Microscope', 'LOM', 185),
(290, 'Cryo-SEM', 'SEM', 186),
(291, 'AFM (Atomic Force)', 'AFM', 186),
(292, 'XPS Spectrometer', 'Surface Science', 187),
(293, 'FESEM', 'SEM', 187),
(294, 'TEM (JEOL 1200)', 'TEM', 188),
(295, 'PLM Microscope', 'PLM', 188),
(296, 'Inverted Phase Contrast Microscope', 'PCM', 189),
(297, 'Petrographic Microscope', 'PLM', 190),
(298, 'SEM-EDS with Mapping', 'SEM', 191),
(299, 'XPS Spectrometer', 'Surface Science', 192),
(300, 'FESEM-EDS', 'SEM', 192),
(301, 'Reflected Light Microscope', 'Optical', 193),
(302, 'Automated Mineralogy System', 'SEM', 193),
(303, 'TEM (JEOL)', 'TEM', 194),
(304, 'Polarized Light Microscope', 'PLM', 194),
(305, 'TEM for Fungal Spores', 'TEM', 195),
(306, 'Phase Contrast Microscope', 'PCM', 195),
(307, 'Petrographic Microscope', 'PLM', 196),
(308, 'Digital Optical Zoom', 'Optical', 196),
(309, 'FTIR Microscope', 'FTIR', 197),
(310, 'SEM', 'SEM', 197),
(311, 'Fluorescence Microscope', 'Optical', 198),
(312, 'SEM-EDS High Res', 'SEM', 199),
(313, 'FIB-SEM Dual Beam (Thermo Fisher)', 'FIB-SEM', 200),
(314, 'S/TEM (Scanning TEM)', 'TEM', 200),
(315, 'CD-SEM (Critical Dimension SEM)', 'SEM', 201),
(316, 'AFM (Atomic Force)', 'AFM', 201),
(317, 'PLM Microscope', 'PLM', 202),
(318, 'PCM Microscope', 'PCM', 202),
(319, 'TEM for Airborne Fibers', 'TEM', 203),
(320, 'Petrographic Microscope', 'PLM', 204),
(321, 'Digital Stereo Microscope', 'Optical', 205),
(322, 'SEM', 'SEM', 205),
(323, 'Fluorescence Microscope', 'Optical', 206),
(324, 'Phase Contrast Microscope', 'PCM', 206),
(325, 'Variable Pressure SEM (VP-SEM)', 'SEM', 207),
(326, 'EDS System', 'SEM', 207),
(327, 'FE-SEM with EDS', 'SEM', 208),
(328, 'FTIR Microscope', 'FTIR', 208),
(329, 'Stereo Optical Microscope', 'LOM', 209),
(330, 'SEM with High-Res Imaging', 'SEM', 209),
(331, 'TEM (JEOL 1200)', 'TEM', 210),
(332, 'PLM Microscope', 'PLM', 210),
(333, 'Petrographic Microscope (Leica)', 'PLM', 211),
(334, 'SEM-EDS', 'SEM', 211),
(335, 'Inverted Fluorescence Microscope', 'Optical', 212),
(336, 'Stereo Zoom Microscope', 'Optical', 213),
(337, 'SEM', 'SEM', 213),
(338, 'XPS (ESCA)', 'Surface Science', 214),
(339, 'TOF-SIMS', 'Mass Spec/Imagi', 214),
(340, 'FESEM', 'SEM', 214),
(341, 'Digital Stereo Microscope', 'Optical', 215),
(342, 'Low-Vac SEM', 'SEM', 215),
(343, 'Inverted Metallograph', 'LOM', 216),
(344, 'SEM with EDS Mapping', 'SEM', 216),
(345, 'SEM-EDS with Radiation Shielding', 'SEM', 217),
(346, 'Optical Inspection Systems', 'Optical', 217),
(347, 'FESEM', 'SEM', 218),
(348, 'Confocal Raman Microscope', 'Raman', 218),
(349, 'TEM (JEOL)', 'TEM', 219),
(350, 'PLM Microscope', 'PLM', 219),
(351, 'Fluorescence Microscope', 'Optical', 220),
(352, 'Petrographic Microscope', 'PLM', 221),
(353, 'SEM-EDS with Mapping', 'SEM', 222),
(354, 'XPS Spectrometer', 'Surface Science', 223),
(355, 'FESEM-EDS', 'SEM', 223),
(356, 'Inverted Metallograph', 'LOM', 224),
(357, 'Stereo Zoom Microscope', 'Optical', 224),
(358, 'Phase Contrast Microscope', 'PCM', 225),
(359, 'Fluorescence Microscope', 'Optical', 225),
(360, 'SEM with EDS/EDX', 'SEM', 226),
(361, 'FTIR Microscope', 'FTIR', 226),
(362, 'Stereo Optical Microscope', 'Optical', 227),
(363, 'Micro-FTIR', 'FTIR', 227),
(364, 'FESEM-EDS (High Res)', 'SEM', 228),
(365, 'HPTLC (Imaging)', 'Micro-Chemical', 229),
(366, 'Optical Microscopy', 'Optical', 229),
(367, 'Polarized Light Microscope', 'PLM', 230),
(368, 'Inverted Phase Microscope', 'PCM', 231),
(369, 'Fluorescence Microscope', 'Optical', 232),
(370, 'Digital Seed Imager', 'Optical', 232),
(371, 'SEM-EDS for Residue Analysis', 'SEM', 233),
(372, 'Confocal Laser Scanning Microscope', 'CLSM', 233),
(373, 'Stereo Zoom Microscope', 'Optical', 234),
(374, 'Variable Pressure SEM', 'SEM', 234),
(375, 'Automated Optical Microscope', 'LOM', 235),
(376, 'Petrographic Microscope', 'PLM', 236),
(377, 'TEM (JEOL)', 'TEM', 237),
(378, 'PLM', 'PLM', 237),
(379, 'Cryo-SEM', 'SEM', 238),
(380, 'Polarized Light Microscope', 'PLM', 238),
(381, 'Confocal Laser Scanning Microscope', 'CLSM', 239),
(382, 'TEM (Hitachi)', 'TEM', 239),
(383, 'SEM-EDS with Quantitative Mapping', 'SEM', 240),
(384, 'Inverted Metallograph', 'LOM', 240),
(385, 'High-Res SEM', 'SEM', 241),
(386, 'TEM for Fungal Spores', 'TEM', 242),
(387, 'PLM Microscope', 'PLM', 242),
(388, 'Petrographic Microscope', 'PLM', 243),
(389, 'FESEM with EDS/WDS', 'SEM', 244),
(390, 'Inverted Metallograph', 'LOM', 244),
(391, 'Variable Pressure SEM', 'SEM', 245),
(392, 'TEM (JEOL)', 'TEM', 246),
(393, 'Polarized Light Microscope', 'PLM', 246),
(394, 'Phase Contrast Microscope', 'PCM', 247),
(395, 'Petrographic Microscope', 'PLM', 248),
(396, 'Inverted Phase Microscope', 'PCM', 249),
(397, 'JEOL JSM-6610LV SEM', 'SEM', 250),
(398, 'Raman Microspectrometer', 'Raman', 250),
(399, 'Olympus BX51 Polarizing Microscope', 'PLM', 250),
(400, 'FESEM with EDS', 'SEM', 251),
(401, 'Optical Metallograph', 'LOM', 251),
(402, 'Confocal Laser Scanning Microscope', 'CLSM', 252),
(403, 'SEM', 'SEM', 252),
(404, 'Fluorescence Microscope', 'Optical', 253),
(405, 'TEM (JEOL)', 'TEM', 254),
(406, 'PLM Microscope', 'PLM', 254),
(407, 'Petrographic Microscope', 'PLM', 255),
(408, 'Variable Pressure SEM', 'SEM', 256),
(409, 'X-Ray Microtomography (CT)', 'X-Ray', 256),
(410, 'FESEM-EDS', 'SEM', 257),
(411, 'Digital Metallograph', 'LOM', 257),
(412, 'PLM Microscope', 'PLM', 258),
(413, 'PCM Microscope', 'PCM', 258),
(414, 'Petrographic Microscope', 'PLM', 259),
(415, 'Scanning Electron Microscope', 'SEM', 260);

-- --------------------------------------------------------

--
-- Estructura de tabla para la tabla `service`
--

CREATE TABLE `service` (
  `Id_service` bigint(20) UNSIGNED NOT NULL,
  `service_name` varchar(100) NOT NULL
) ENGINE=InnoDB DEFAULT CHARSET=utf8mb4 COLLATE=utf8mb4_general_ci;

--
-- Volcado de datos para la tabla `service`
--

INSERT INTO `service` (`Id_service`, `service_name`) VALUES
(1, 'SEM Imaging (Scanning Electron Microscopy)'),
(2, 'TEM Analysis (Transmission Electron Microscopy)'),
(3, 'FIB-SEM Nanomachining'),
(4, 'AFM (Atomic Force Microscopy)'),
(5, 'Surface Analysis (XPS/Auger)'),
(6, 'Confocal & Super-Resolution'),
(7, 'Polarized Light Microscopy (PLM)'),
(8, 'Particle Identification'),
(9, 'Metallurgical & Failure Analysis');

-- --------------------------------------------------------

--
-- Estructura de tabla para la tabla `state`
--

CREATE TABLE `state` (
  `Id_state` bigint(20) UNSIGNED NOT NULL,
  `state_name` varchar(50) NOT NULL,
  `Id_region` int(11) DEFAULT NULL
) ENGINE=InnoDB DEFAULT CHARSET=utf8mb4 COLLATE=utf8mb4_general_ci;

--
-- Volcado de datos para la tabla `state`
--

INSERT INTO `state` (`Id_state`, `state_name`, `Id_region`) VALUES
(1, 'California', 1),
(2, 'New York', 1),
(3, 'Texas', 1),
(4, 'Massachusetts', 1),
(5, 'Illinois', 1),
(6, 'Pennsylvania', 1),
(7, 'New Jersey', 1),
(8, 'Washington', 1),
(9, 'Florida', 1),
(10, 'Ohio', 1),
(11, 'Georgia', 1),
(12, 'Maryland', 1),
(13, 'North Carolina', 1),
(14, 'Arizona', 1),
(15, 'Michigan', 1),
(16, 'Colorado', 1),
(17, 'Oregon', 1),
(18, 'Minnesota', 1),
(19, 'Tennessee', 1),
(20, 'Utah', 1),
(21, 'Missouri', 1),
(22, 'Wisconsin', 1),
(23, 'Connecticut', 1),
(24, 'Indiana', 1),
(25, 'Alabama', 1);

-- --------------------------------------------------------

--
-- Estructura de tabla para la tabla `university`
--

CREATE TABLE `university` (
  `Id_university` int(11) NOT NULL,
  `president` varchar(100) DEFAULT NULL,
  `type` varchar(3) DEFAULT NULL,
  `extra_information` varchar(300) DEFAULT NULL
) ENGINE=InnoDB DEFAULT CHARSET=utf8mb4 COLLATE=utf8mb4_general_ci;

--
-- Índices para tablas volcadas
--

--
-- Indices de la tabla `carrer`
--
ALTER TABLE `carrer`
  ADD PRIMARY KEY (`Id_carrera`);

--
-- Indices de la tabla `college`
--
ALTER TABLE `college`
  ADD PRIMARY KEY (`Id_college`);

--
-- Indices de la tabla `country`
--
ALTER TABLE `country`
  ADD PRIMARY KEY (`Id_country`);

--
-- Indices de la tabla `equipment_services`
--
ALTER TABLE `equipment_services`
  ADD PRIMARY KEY (`Id_equipment`,`Id_service`);

--
-- Indices de la tabla `institution`
--
ALTER TABLE `institution`
  ADD PRIMARY KEY (`Id_institution`);

--
-- Indices de la tabla `laboratory`
--
ALTER TABLE `laboratory`
  ADD PRIMARY KEY (`Id_laboratory`);

--
-- Indices de la tabla `laboratory_services`
--
ALTER TABLE `laboratory_services`
  ADD PRIMARY KEY (`Id_laboratory`,`Id_service`);

--
-- Indices de la tabla `person`
--
ALTER TABLE `person`
  ADD PRIMARY KEY (`Id_person`);

--
-- Indices de la tabla `region`
--
ALTER TABLE `region`
  ADD PRIMARY KEY (`Id_region`);

--
-- Indices de la tabla `scientific_equipment`
--
ALTER TABLE `scientific_equipment`
  ADD PRIMARY KEY (`Id_equipment`);

--
-- Indices de la tabla `service`
--
ALTER TABLE `service`
  ADD PRIMARY KEY (`Id_service`);

--
-- Indices de la tabla `state`
--
ALTER TABLE `state`
  ADD PRIMARY KEY (`Id_state`);

--
-- Indices de la tabla `university`
--
ALTER TABLE `university`
  ADD PRIMARY KEY (`Id_university`);

--
-- AUTO_INCREMENT de las tablas volcadas
--

--
-- AUTO_INCREMENT de la tabla `carrer`
--
ALTER TABLE `carrer`
  MODIFY `Id_carrera` bigint(20) UNSIGNED NOT NULL AUTO_INCREMENT;

--
-- AUTO_INCREMENT de la tabla `college`
--
ALTER TABLE `college`
  MODIFY `Id_college` bigint(20) UNSIGNED NOT NULL AUTO_INCREMENT;

--
-- AUTO_INCREMENT de la tabla `country`
--
ALTER TABLE `country`
  MODIFY `Id_country` bigint(20) UNSIGNED NOT NULL AUTO_INCREMENT, AUTO_INCREMENT=2;

--
-- AUTO_INCREMENT de la tabla `institution`
--
ALTER TABLE `institution`
  MODIFY `Id_institution` bigint(20) UNSIGNED NOT NULL AUTO_INCREMENT, AUTO_INCREMENT=261;

--
-- AUTO_INCREMENT de la tabla `person`
--
ALTER TABLE `person`
  MODIFY `Id_person` bigint(20) UNSIGNED NOT NULL AUTO_INCREMENT, AUTO_INCREMENT=268;

--
-- AUTO_INCREMENT de la tabla `region`
--
ALTER TABLE `region`
  MODIFY `Id_region` bigint(20) UNSIGNED NOT NULL AUTO_INCREMENT, AUTO_INCREMENT=2;

--
-- AUTO_INCREMENT de la tabla `scientific_equipment`
--
ALTER TABLE `scientific_equipment`
  MODIFY `Id_equipment` bigint(20) UNSIGNED NOT NULL AUTO_INCREMENT, AUTO_INCREMENT=416;

--
-- AUTO_INCREMENT de la tabla `service`
--
ALTER TABLE `service`
  MODIFY `Id_service` bigint(20) UNSIGNED NOT NULL AUTO_INCREMENT, AUTO_INCREMENT=10;

--
-- AUTO_INCREMENT de la tabla `state`
--
ALTER TABLE `state`
  MODIFY `Id_state` bigint(20) UNSIGNED NOT NULL AUTO_INCREMENT, AUTO_INCREMENT=26;
COMMIT;

/*!40101 SET CHARACTER_SET_CLIENT=@OLD_CHARACTER_SET_CLIENT */;
/*!40101 SET CHARACTER_SET_RESULTS=@OLD_CHARACTER_SET_RESULTS */;
/*!40101 SET COLLATION_CONNECTION=@OLD_COLLATION_CONNECTION */;
